[{"pk": 1, "model": "facto.userprofile", "fields": {"profile_pic_url": "https://scontent-b-mia.xx.fbcdn.net/hphotos-ash3/t1.0-9/537347_10151686867025667_101194577_n.jpg", "user": 1, "blur": "Igor likes politics"}}, {"pk": 1, "model": "facto.country", "fields": {"updated_at": "2014-05-03T20:40:08.140Z", "created_at": "2014-05-03T20:40:08.140Z", "picture_url": "/static/images/mexico.png", "name": "Mexico", "slug": "mexico"}}, {"pk": 2, "model": "facto.country", "fields": {"updated_at": "2014-05-03T20:40:38.080Z", "created_at": "2014-05-03T20:40:38.080Z", "picture_url": "/static/images/colombia.png", "name": "Colombia", "slug": "colombia"}}, {"pk": 3, "model": "facto.country", "fields": {"updated_at": "2014-05-03T20:41:02.178Z", "created_at": "2014-05-03T20:41:02.178Z", "picture_url": "/static/images/argentina.png", "name": "Argentina", "slug": "argentina"}}, {"pk": 4, "model": "facto.country", "fields": {"updated_at": "2014-05-03T20:47:07.807Z", "created_at": "2014-05-03T20:41:22.947Z", "picture_url": "/static/images/peru.png", "name": "Peru", "slug": "peru"}}, {"pk": 5, "model": "facto.country", "fields": {"updated_at": "2014-05-03T20:44:56.522Z", "created_at": "2014-05-03T20:44:56.521Z", "picture_url": "/static/images/venezuela.png", "name": "Venezuela", "slug": "venezuela"}}, {"pk": 6, "model": "facto.country", "fields": {"updated_at": "2014-05-03T20:50:04.032Z", "created_at": "2014-05-03T20:50:04.032Z", "picture_url": "/static/images/chile.png", "name": "Chile", "slug": "chile"}}, {"pk": 7, "model": "facto.country", "fields": {"updated_at": "2014-05-03T20:50:20.477Z", "created_at": "2014-05-03T20:50:20.477Z", "picture_url": "/static/images/ecuador.png", "name": "Ecuador", "slug": "ecuador"}}, {"pk": 8, "model": "facto.country", "fields": {"updated_at": "2014-05-03T20:50:53.038Z", "created_at": "2014-05-03T20:50:53.038Z", "picture_url": "/static/images/guatemala.png", "name": "Guatemala", "slug": "guatemala"}}, {"pk": 9, "model": "facto.country", "fields": {"updated_at": "2014-05-03T20:51:09.007Z", "created_at": "2014-05-03T20:51:09.007Z", "picture_url": "/static/images/cuba.png", "name": "Cuba", "slug": "cuba"}}, {"pk": 10, "model": "facto.country", "fields": {"updated_at": "2014-05-03T20:51:30.640Z", "created_at": "2014-05-03T20:51:30.640Z", "picture_url": "/static/images/bolivia.png", "name": "Bolivia", "slug": "bolivia"}}, {"pk": 1, "model": "facto.person", "fields": {"name": "Enrique Pe\u00f1a Nieto", "title": "President", "country": 1, "created_at": "2014-05-04T08:22:33.540Z", "updated_at": "2014-05-04T08:22:33.540Z", "profile_pic_url": "http://a.abcnews.com/images/ABC_Univision/ap_Enrique_pena_nieto_121201_mn.jpg", "slug": "enrique-pena-nieto"}}, {"pk": 2, "model": "facto.person", "fields": {"name": "Juan Manuel Santos", "title": "President", "country": 2, "created_at": "2014-05-04T08:22:33.554Z", "updated_at": "2014-05-04T08:22:33.555Z", "profile_pic_url": "http://veja0.abrilm.com.br/assets/images/2010/8/16758/Juan-Manuel-Santos-size-598.bmp", "slug": "juan-manuel-santos"}}, {"pk": 3, "model": "facto.person", "fields": {"name": "Cristina Fern\u00e1ndez de Kirchner", "title": "President", "country": 3, "created_at": "2014-05-04T08:22:33.572Z", "updated_at": "2014-05-04T08:22:33.572Z", "profile_pic_url": "http://2.bp.blogspot.com/-FNuraVBlJoI/UlP6mlsTqAI/AAAAAAAAQ3o/JS-i01pB82Q/s1600/Metrodiario-Cristina-Fernandez-de-Kirchner-sera-operada-hoy-de-urgencia.jpg", "slug": "cristina-fernandez-de-kirchner"}}, {"pk": 4, "model": "facto.person", "fields": {"name": "Ollanta Humala", "title": "President", "country": 4, "created_at": "2014-05-04T08:22:33.623Z", "updated_at": "2014-05-04T08:22:33.623Z", "profile_pic_url": "http://www.lapatilla.com/site/wp-content/uploads/2013/09/ollanta-humala.jpg", "slug": "ollanta-humala"}}, {"pk": 5, "model": "facto.person", "fields": {"name": "Nicol\u00e1s Maduro", "title": "President", "country": 5, "created_at": "2014-05-04T08:22:33.639Z", "updated_at": "2014-05-04T08:22:33.639Z", "profile_pic_url": "http://lprnoticias.com/wp-content/uploads/2014/03/Nicolas-Maduro_0.jpg", "slug": "nicolas-maduro"}}, {"pk": 6, "model": "facto.person", "fields": {"name": "Michelle Bachelet", "title": "President", "country": 6, "created_at": "2014-05-04T08:22:33.652Z", "updated_at": "2014-05-04T08:22:33.652Z", "profile_pic_url": "http://www.redantofagasta.com/wp-content/uploads/2013/12/bache-e1387160677877.png", "slug": "michelle-bachelet"}}, {"pk": 7, "model": "facto.person", "fields": {"name": "Rafael Correa", "title": "President", "country": 7, "created_at": "2014-05-04T08:22:33.669Z", "updated_at": "2014-05-04T08:22:33.669Z", "profile_pic_url": "http://www.acercandonaciones.com/wp-content/uploads/2011/12/Rafael_Correa.jpg", "slug": "rafael-correa"}}, {"pk": 8, "model": "facto.person", "fields": {"name": "Otto P\u00e9rez Molina", "title": "President", "country": 8, "created_at": "2014-05-04T08:22:33.686Z", "updated_at": "2014-05-04T08:22:33.686Z", "profile_pic_url": "http://www.prensalibre.com/noticias/Seguridad-transparencia-principales-Perez-Molina_PREIMA20130113_0086_76.jpg", "slug": "otto-perez-molina"}}, {"pk": 9, "model": "facto.person", "fields": {"name": "Ra\u00fal Castro", "title": "President", "country": 9, "created_at": "2014-05-04T08:22:33.728Z", "updated_at": "2014-05-04T08:22:33.728Z", "profile_pic_url": "http://cdn.noticiaaldia.com/wp-content/uploads/2014/05/raul_castro_ruz_portada.jpg", "slug": "raul-castro"}}, {"pk": 10, "model": "facto.person", "fields": {"name": "Evo Morales", "title": "President", "country": 10, "created_at": "2014-05-04T08:22:33.740Z", "updated_at": "2014-05-04T08:22:33.740Z", "profile_pic_url": "http://fuerza.com.mx/wp-content/uploads/2013/03/evo_morales_bolivia.jpg", "slug": "evo-morales"}}, {"pk": 1, "model": "facto.category", "fields": {"updated_at": "2014-05-03T22:05:40.301Z", "created_at": "2014-05-03T22:04:09.323Z", "slug": "economia", "title": "Economia"}}, {"pk": 2, "model": "facto.category", "fields": {"updated_at": "2014-05-03T22:04:19.031Z", "created_at": "2014-05-03T22:04:19.031Z", "slug": "drogas", "title": "Drogas"}}, {"pk": 3, "model": "facto.category", "fields": {"updated_at": "2014-05-03T22:04:34.233Z", "created_at": "2014-05-03T22:04:34.233Z", "slug": "elecciones", "title": "Elecciones"}}, {"pk": 4, "model": "facto.category", "fields": {"updated_at": "2014-05-03T22:05:18.267Z", "created_at": "2014-05-03T22:05:18.267Z", "slug": "salud", "title": "Salud"}}, {"pk": 5, "model": "facto.category", "fields": {"updated_at": "2014-05-04T09:58:17.212Z", "created_at": "2014-05-04T09:34:37.801Z", "slug": "educacion", "title": "Educacion"}}, {"pk": 6, "model": "facto.category", "fields": {"updated_at": "2014-05-04T09:58:12.050Z", "created_at": "2014-05-04T09:34:37.811Z", "slug": "libertad-de-expresion", "title": "Libertad De Expresion"}}, {"pk": 7, "model": "facto.category", "fields": {"updated_at": "2014-05-04T09:58:02.270Z", "created_at": "2014-05-04T09:34:37.818Z", "slug": "medio-ambiente", "title": "Medio Ambiente"}}, {"pk": 8, "model": "facto.category", "fields": {"updated_at": "2014-05-04T09:57:55.472Z", "created_at": "2014-05-04T09:34:37.821Z", "slug": "imigracion", "title": "Imigracion "}}, {"pk": 9, "model": "facto.category", "fields": {"updated_at": "2014-05-04T09:57:50.501Z", "created_at": "2014-05-04T09:34:37.825Z", "slug": "violencia", "title": "Violencia"}}, {"pk": 10, "model": "facto.category", "fields": {"updated_at": "2014-05-04T09:57:44.414Z", "created_at": "2014-05-04T09:34:37.833Z", "slug": "relaciones-publicas", "title": "Relaciones Publicas"}}, {"pk": 1, "model": "facto.fact", "fields": {"status": "false", "category": 1, "title": "Telecommunications reform would supplement existing federal telecoms legislation in force since 1995", "quote": "President Enrique Pe\u00f1a Nieto claimed his telecommunications reform would supplement existing federal telecoms legislation in force since 1995, restore the balance of power between the giants in the market and the small players and boost diversity.", "created_at": "2014-05-04T09:57:26.726Z", "updated_at": "2014-05-04T09:57:26.726Z", "content": "The reform gives the government the right to oversee media content \u201cin priority cases, exceptionally and in emergencies\u201d. \nSeveral articles would give the government the unprecedented right to intervene in communications traffic, such as blocking telecoms signals in places or during events regarded as \u201ccritical for public security\u201d.\nThe reform would allow the government to restrict access to the Internet and increase surveillance. \nIt will give government power to restrict Internet access during periods of public unrest \n", "person": 1, "video": "", "user": 1, "image_url": "", "slug": "telecommunications-reform-would-supplement-existing-federal-telecoms-legislation-in-force-since-1995-79842866934"}}, {"pk": 2, "model": "facto.fact", "fields": {"status": "true", "category": 5, "title": "A new education law that will fund a census of the country's schools", "quote": "A new education law that will fund a census of the country's schools and establish new merit-based procedures for hiring teachers.", "created_at": "2014-05-04T09:57:26.737Z", "updated_at": "2014-05-04T09:57:26.737Z", "content": "The educational reform aims to improve the low standard of education in Mexico by being tougher on teachers and giving the Union less power.\nUp until now,  Teachers\u2019 Unions have had complete control over the education system. The Union has abused this power and there are numerous reports of corruption within the organization.\nThe most notable example is the embezzlement of public funds by the SNTE (the largest teachers\u2019 Union in Mexico) which culminated in the arrest of ex-Union leader Elba Ester Gordillo who was alleged to have stolen more than $2 billion pesos. Teachers could sell their jobs or hand them down to their children.\nunder the new education reform, the Union will be stripped of its budget (which will be re-directed to the government) and teacher assessments from independent bodies will become mandatory. \nFurther criticisms of the reform include the overemphasis on teacher assessment, which at 800 000 teacher performance evaluations per year will be an extremely costly process.\n", "person": 1, "video": "", "user": 1, "image_url": "", "slug": "a-new-education-law-that-will-fund-a-census-of-the-countrys-schools-52866055315"}}, {"pk": 3, "model": "facto.fact", "fields": {"status": "true", "category": 4, "title": "Beneficios para un sector de la poblaci\u00f3n que no tiene seguridad social", "quote": "...vienen a concretar beneficios para un sector de la poblaci\u00f3n que no tiene seguridad social, que no tiene la cobertura ni del Seguro Social, ni del Seguro Popular, ni los beneficios de contar con un apoyo, especialmente en la edad adulta, cuando cada vez es m\u00e1s dif\u00edcil tener un empleo.", "created_at": "2014-05-04T09:57:26.742Z", "updated_at": "2014-05-04T09:57:26.742Z", "content": "The program, titled 'Seguro de Vida para Madres Jefas de Familia' (Life Insurance for Female Heads of Family), will be overseen by the Secretariat of Social Development (Sedesol) and the Family Development Agency (DIF) with an initial budget of 400 million pesos ($32 million).", "person": 1, "video": "", "user": 1, "image_url": "", "slug": "beneficios-para-un-sector-de-la-poblacion-que-no-tiene-seguridad-social-44506781649"}}, {"pk": 4, "model": "facto.fact", "fields": {"status": "half-true", "category": 4, "title": "Cuba has lower mortality rate than US", "quote": "Cuba has lower mortality rate than US", "created_at": "2014-05-04T09:57:26.746Z", "updated_at": "2014-05-04T09:57:26.746Z", "content": "Cuba infant mortality rate is indeed lower -- an estimated 4.76 deaths per 1,000 live births in 2013, compared to 5.90 for the United States. - CIA world factbook\nCuba had 6 deaths under age 5 per 1,000 live births between 2005 and 2010, compared to 8 deaths for the United States - World Health Organization\nFor 2012, the group found that life expectancy was 79.2 years in Cuba, compared to 78.8 years in the U.S. -  Pan American Health Organization \nAccording to the official statistics, Cuba does beat out the United States for both infant and child mortality, and on life expectancy, the data is mixed, with a slight edge to the United States. \nHowever, the combination of the Cuban government\u2019s heavy-handed enforcement of statistical targets and the lack of transparency has led some experts to suggest taking the numbers with a grain of salt. On balance, we rate Harkin\u2019s claim Half True. \n", "person": 9, "video": "", "user": 1, "image_url": "", "slug": "cuba-has-lower-mortality-rate-than-us-99583467215"}}, {"pk": 5, "model": "facto.fact", "fields": {"status": "false", "category": 4, "title": "Cuba has great healthcare system", "quote": "Cuba has great healthcare system", "created_at": "2014-05-04T09:57:26.754Z", "updated_at": "2014-05-04T09:57:26.754Z", "content": "Hospitals for tourists are clean and service available but that is not the case for Cubans\nMedical attention is free but many patients did and still do bring their doctors food, money or other gifts to get to the front of the queue or to guarantee an appointment for an X-ray, blood test or operation.\nIf you do not have a contact or money to pay under the table, the waiting time for all but emergency procedures can be ridiculously long.\nMany Cubans complain that top-level government and Communist Party officials have access to VIP health treatment, while ordinary people must queue from dawn for a routine test, with no guarantee that the allotted numbers will not run out before it is their turn.\nAnd while the preventative health care system works well for children, women over the age of 40 are being shortchanged because yearly mammograms are not offered to the population at large.\n", "person": 9, "video": "", "user": 1, "image_url": "", "slug": "cuba-has-great-healthcare-system-74226742454"}}, {"pk": 6, "model": "facto.fact", "fields": {"status": "true", "category": 1, "title": "Minimum wage this year would be increased in three tiers; 20% in May,10% in September, and a further 5 \u2013 10% in November", "quote": "Maduro government announced that the minimum wage this year would be increased in three tiers; 20% in May,10% in September, and a further 5 \u2013 10% in November, resulting in a total cumulative increase of 38 \u2013 45%.", "created_at": "2014-05-04T09:57:26.757Z", "updated_at": "2014-05-04T09:57:26.757Z", "content": "On May 1st the minimum wage rose by 20%, from 2,047 Bolivars (U.S. $325) to 2,457 Bolivars ($390). A further wage increase of 10% increasing the salary to 2,703 Bolivars ($429).\nHowever, the cumulative salary increase of 32% so far this year is only just ahead of inflation, which rose 29% in the first seven months of 2013.\nThe [minimum] salary since the arrival of Hugo Chavez in 1998 has multiplied by approximately 24.5, but inflation has also risen significantly, which has left a minimum wage increase of 17% in real terms,\u201d Garcia said in a recent interview with media outlet Noticias 24.\n", "person": 5, "video": "", "user": 1, "image_url": "", "slug": "minimum-wage-this-year-would-be-increased-in-three-tiers-20-in-may10-in-september-and-a-further-5-10-in-november-15084216147"}}, {"pk": 7, "model": "facto.fact", "fields": {"status": "false", "category": 6, "title": "Extension of social programs and benefits to workers such as free wifi throughout the country", "quote": "President Nicolas Maduro announced the extension of social programs and benefits to workers such as free wifi throughout the country", "created_at": "2014-05-04T09:57:26.765Z", "updated_at": "2014-05-04T09:57:26.765Z", "content": "The media in Venezuela is \"almost entirely dominated by the government and its obligatory announcements, called cadenas Venezuela has many Internet service providers, although the market is dominated by the now state-owned CANTV.net which limits the access to certain pages and information  \nCentral government blockings of web pages, Twitter contents, and Internet and telephone services in the state of T\u00e1chira have been reported. ", "person": 5, "video": "", "user": 1, "image_url": "", "slug": "extension-of-social-programs-and-benefits-to-workers-such-as-free-wifi-throughout-the-country-65605529031"}}, {"pk": 8, "model": "facto.fact", "fields": {"status": "false", "category": 6, "title": "Here in Venezuela you have all the freedom to come and go, to broadcast to the world more and more (sic) the truth of what happens in Venezuela", "quote": "\u201cHere in Venezuela you have all the freedom to come and go, to broadcast to the world more and more (sic) the truth of what happens in Venezuela.\u201d \n\u201cthere are no opinion crimes here. Here we have freedom of expression. Let us defend freedom of expression.\u201d", "created_at": "2014-05-04T09:57:26.773Z", "updated_at": "2014-05-04T09:57:26.773Z", "content": "By 2013, Reporters Without Borders ranked Venezuela 117th out of 179 countries in terms of freedom of the press. \nIn 2013 it was estimated that 13 TV stations, 107 public radio stations and 20 newspapers \u2013 many of them privately owned \u2013 identified themselves as \u201cgovernment inclined or balanced\u201d.\nBetween 2002 and 2013, the NGO Espacio P\u00fablico reported 418 censorship cases, reaching a record of 77 cases in 2013. If other violations to freedom of speech are included, the number of comes up to 2,011 between 2002 and 2011 and to 542 between 2012 and 2013.\n", "person": 5, "video": "", "user": 1, "image_url": "", "slug": "here-in-venezuela-you-have-all-the-freedom-to-come-and-go-to-broadcast-to-the-world-more-and-more-sic-the-truth-of-what-happens-in-venezuela-63128586461"}}, {"pk": 9, "model": "facto.fact", "fields": {"status": "half-true", "category": 1, "title": "Rebajar el precio del bal\u00f3n de gas a 12 nuevos soles", "quote": "Presidente Ollanta Humala promete rebajar el precio del bal\u00f3n de gas a 12 nuevos soles.", "created_at": "2014-05-04T09:57:26.779Z", "updated_at": "2014-05-04T09:57:26.779Z", "content": "En el primer a\u00f1o de gobierno se logr\u00f3 reducir el precio de 34 a 29,50 nuevos soles en grifos de PetroPer\u00fa (aunque solo en Lima)\nLanz\u00f3 un fondo de inclusi\u00f3n social energ\u00e9tico con un subsidio de 16 nuevos soles por bal\u00f3n, medida que beneficiar\u00e1 a 645 mil familias del Vraem.\n", "person": 4, "video": "", "user": 1, "image_url": "", "slug": "rebajar-el-precio-del-balon-de-gas-a-12-nuevos-soles-91532217337"}}, {"pk": 10, "model": "facto.fact", "fields": {"status": "false", "category": 7, "title": "Estamos tambi\u00e9n absolutamente comprometidos con el medioambiente y la riqueza natural guatemalteca", "quote": "\u201cEstamos tambi\u00e9n absolutamente comprometidos con el medioambiente y la riqueza natural guatemalteca\u201d.\n\u201cGuatemala cumplir\u00e1 su parte de la lucha por la preservaci\u00f3n de la biodiversidad y honrar\u00e1 sus compromisos internacionales en materia ecol\u00f3gica\u201d, se\u00f1al\u00f3.", "created_at": "2014-05-04T09:57:26.783Z", "updated_at": "2014-05-04T09:57:26.783Z", "content": "Los conflictos mineros subieron de intensidad durante el primer a\u00f1o de gobierno de P\u00e9rez Molina.\nExpertos se\u00f1alan a un Ministerio de Ambiente \u201cinvisible\u201d,\n\u201cNo tuvo ninguna iniciativa en el a\u00f1o y se dedicaron a desintegrar la institucionalidad. La ministra despidi\u00f3 a t\u00e9cnicos calificados y puso a gente sin experiencia\u201d, dijo Rafael Maldonado, abogado del Centro de Acci\u00f3n Legal, Ambiental y Social. \n", "person": 8, "video": "", "user": 1, "image_url": "", "slug": "estamos-tambien-absolutamente-comprometidos-con-el-medioambiente-y-la-riqueza-natural-guatemalteca-50799294908"}}, {"pk": 11, "model": "facto.fact", "fields": {"status": "true", "category": 1, "title": "Necesitamos el reconocimiento de nuestra diversidad", "quote": "\u201cNecesitamos el reconocimiento de nuestra diversidad, la plena inclusi\u00f3n de nuestros pueblos ind\u00edgenas\u201d.\n\u201cBuscamos que haya tres tiempos de comida garantizados en la Guatemala profunda\u201d.\n\u201cLa estrategia de Hambre Cero pretende enfrentar de manera decidida el flagelo de la desnutrici\u00f3n cr\u00f3nica\u201d.", "created_at": "2014-05-04T09:57:26.787Z", "updated_at": "2014-05-04T09:57:26.787Z", "content": "En el combate a la pobreza, el presidente nota: \u201cEl prop\u00f3sito es convertirlos en actores de su propio desarrollo y que no dependan solamente del Estado para salir adelante\u201d.\nEl 24 de enero se aprob\u00f3 el Ministerio de Desarrollo Social, que se hizo cargo de los programas sociales.\nEn febrero, el mandatario anunci\u00f3 la implementaci\u00f3n del plan Hambre Cero.\nEn abril todos los funcionarios convivieron un fin de semana con familias pobres, para conocer sus condiciones.\n Eduardo Vel\u00e1squez, analista del Centro de Estudios Urbanos y Regionales, considera que el Gobierno no tiene claro  qu\u00e9 se debe hacer para combatir la pobreza. \u201cNo mantuvieron la cobertura de los programas sociales y continu\u00f3 con el sesgo pol\u00edtico\u201d, afirm\u00f3.\n", "person": 8, "video": "", "user": 1, "image_url": "", "slug": "necesitamos-el-reconocimiento-de-nuestra-diversidad-37737611102"}}, {"pk": 12, "model": "facto.fact", "fields": {"status": "false", "category": 8, "title": "Govierno apoya a guatemaltecos en el extranjero", "quote": "\u201cQueremos decirles a todos los guatemaltecos en el extranjero de manera muy clara que con este gobierno van a contar con todo nuestro apoyo para que se respeten sus derechos\u201d.", "created_at": "2014-05-04T09:57:26.792Z", "updated_at": "2014-05-04T09:57:26.792Z", "content": "Se gestion\u00f3 el TPS, pero organizaciones de migrantes aseguran que se sienten a la deriva porque el Gobierno no tom\u00f3 acciones, por ejemplo, para facilitar el tr\u00e1mite del DPI. Consideran nulos los avances.", "person": 8, "video": "", "user": 1, "image_url": "", "slug": "govierno-apoya-a-guatemaltecos-en-el-extranjero-18745002057"}}, {"pk": 13, "model": "facto.fact", "fields": {"status": "false", "category": 4, "title": "Se asegurar\u00e1 la viabilidad financiera de los hospitales y la prestaci\u00f3n del servicio", "quote": "\u201cSe asegurar\u00e1 la viabilidad financiera de los hospitales y la prestaci\u00f3n del servicio. Se trabajar\u00e1 por la inclusi\u00f3n social de las personas con alguna condici\u00f3n especial o discapacidad.\u201d", "created_at": "2014-05-04T09:57:26.797Z", "updated_at": "2014-05-04T09:57:26.797Z", "content": "El propio Santos admite que un saldo en rojo de su administraci\u00f3n es el atraso en el manejo de los hospitales p\u00fablicos, lo que hace muy cr\u00edtico el cuadro de la salud en Colombia. En este tema en especial lo castiga muy duro la opini\u00f3n p\u00fablica, con una desaprobaci\u00f3n superior al 70 por ciento en el manejo de este sector. Se le critica al Gobierno Nacional por plantear que ante la  cr\u00edtica situaci\u00f3n de los hospitales p\u00fablicos la soluci\u00f3n se reduzca a planes de saneamiento fiscal y financiero, como si la \u00fanica causa  de una deficiente gesti\u00f3n de los hospitales fuesen sus costos administrativos y operativos. La crisis de la salud es evidente y las cifras lo corroboran. La cartera de los hospitales es de 2,8 billones de pesos. Seg\u00fan el director de la Asociaci\u00f3n de Cl\u00ednicas y Hospitales, Juan Carlos Giraldo, \u201chubo descoordinaci\u00f3n en el Estado\u201d.\n\nAunque se avanz\u00f3 en el tema de la cobertura en la salud, que alcanz\u00f3 en el Gobierno de Uribe el 90 por ciento, se necesita una reforma definitiva que garantice los recursos. Para los especialistas se debe crear un marco regulatorio en los precios de los medicamentos y buscar recursos para el pago de la deuda.", "person": 2, "video": "", "user": 1, "image_url": "", "slug": "se-asegurara-la-viabilidad-financiera-de-los-hospitales-y-la-prestacion-del-servicio-6417508059"}}, {"pk": 14, "model": "facto.fact", "fields": {"status": "half-true", "category": 9, "title": "Esa paz total la vamos a construir juntos, todos unidos", "quote": "\"Esa paz total la vamos a construir juntos, todos unidos\", propuso, al aclarar que este objetivo trasciende los acuerdos de paz que su Gobierno negocia desde finales de 2012 con la guerrilla las Fuerzas Armadas Revolucionarias de Colombia (FARC) y el fin del conflicto. (EFE)", "created_at": "2014-05-04T09:57:26.805Z", "updated_at": "2014-05-04T09:59:15.392Z", "content": "La b\u00fasqueda de la paz con las Farc esta en el proceso m\u00e1s avanzado que haya habido hasta ahora; la reparaci\u00f3n de las v\u00edctimas como pol\u00edtica p\u00fablica; la restituci\u00f3n de tierras despojadas por los violentos y la reversi\u00f3n de los indicadores de pobreza. \r\nAlgunos cr\u00edticos dicen que no han visto avance suficiente. Pero diplom\u00e1ticos y academicos dicen negociaciones tienen mas chances de realizar con el apoyo de Cuba y Venezuela que han ayudado a realizar una conversaci\u00f3n con la Farc.", "person": 2, "video": "", "user": 1, "image_url": "", "slug": "66115931266"}}, {"pk": 15, "model": "facto.fact", "fields": {"status": "false", "category": 9, "title": "Colombia libre de narcotrafico y guerrilla", "quote": "\"No pararemos hasta tener un pa\u00eds libre de guerrilla, libre de narcotraficantes\" El fin es el de un pa\u00eds que sea digno de \"tantos millones de colombianos que queremos vivir en paz y progresar\", agreg\u00f3 el gobernante.", "created_at": "2014-05-04T09:57:26.813Z", "updated_at": "2014-05-04T09:57:26.813Z", "content": "La inseguridad en las ciudades grandes e intermedias preocupa al Gobierno porque va en aumento. En su m\u00e1s reciente informe, la Fundaci\u00f3n Seguridad y Democracia realiz\u00f3 un balance de en las 27 ciudades principales entre 2003 y finales de 2009, encontrando que se incrementaron los \u00edndices en dos delitos: hurto a personas, 93 por ciento; y lesiones personales, 28 por ciento. Adem\u00e1s los robos a residencias y motocicletas tambi\u00e9n crecieron. \n\nAnte estas cifras, el propio Santos afirm\u00f3 que \"mejorar la seguridad urbana (ser\u00e1) una de las grandes tareas del pr\u00f3ximo Gobierno\". ", "person": 2, "video": "", "user": 1, "image_url": "", "slug": "colombia-libre-de-narcotrafico-y-guerrilla-66342226800"}}, {"pk": 16, "model": "facto.fact", "fields": {"status": "false", "category": 5, "title": "Bachelet promete la entrega de dos mil becas de ingl\u00e9s", "quote": "La Presidenta Michelle Bachelet promete la entrega de dos mil becas de ingl\u00e9s Corfo, que beneficiar\u00e1n a profesionales y estudiantes del \u00e1rea tecnol\u00f3gica de todo Chile.", "created_at": "2014-05-04T09:57:26.818Z", "updated_at": "2014-05-04T09:57:26.818Z", "content": "Uno de los compromisos que no se logro durante el plazo autoimpuesto por Bachelet fue la aplicaci\u00f3n de un programa para que los mil mejores egresados de cada a\u00f1o cursen doctorados en las mejores universidades del mundo.\nLa exigencia de que todos los que se preparen para ser profesores de ingl\u00e9s cursen un semestre en un pa\u00eds de habla inglesa, con financiamiento estatal, no se cumpli\u00f3 ya que no benefici\u00f3 a la totalidad de los alumnos. Por ejemplo, en 2007, s\u00f3lo 100 estudiantes pudieron hacerlo.", "person": 6, "video": "", "user": 1, "image_url": "", "slug": "bachelet-promete-la-entrega-de-dos-mil-becas-de-ingles-64901715992"}}, {"pk": 17, "model": "facto.fact", "fields": {"status": "true", "category": 1, "title": "Instituir beneficio estatal no contributivo para mayores", "quote": "Instituir beneficio Estatal no contributivo para mayores de 65 a\u00f1os que cumplan requisitos de focalizaci\u00f3n y residencia que se\u00f1ala la Ley.", "created_at": "2014-05-04T09:57:26.824Z", "updated_at": "2014-05-04T09:57:26.824Z", "content": "El reajuste de las pensiones m\u00e1s bajas -destinadas a un mill\u00f3n de personas- y el acceso autom\u00e1tico de los adultos mayores a la pensi\u00f3n asistencial fueron las dos primeras medidas en concretarse durante los primeros 100 d\u00edas de gobierno.", "person": 6, "video": "", "user": 1, "image_url": "", "slug": "instituir-beneficio-estatal-no-contributivo-para-mayores-23225031074"}}, {"pk": 18, "model": "facto.fact", "fields": {"status": "false", "category": 1, "title": "Reinserci\u00f3n de la Argentina en el contexto internacional", "quote": "La reinserci\u00f3n de la Argentina en el contexto internacional", "created_at": "2014-05-04T09:57:26.829Z", "updated_at": "2014-05-04T09:57:26.829Z", "content": "Persisten situaciones de conflicto heredadas de la anterior administraci\u00f3n \u2014 a las cuales la presidenta Kirchner no puede hacer alusi\u00f3n alguna a la herencia recibida-; ejemplo de ello son la conflictiva relaci\u00f3n con Uruguay por el problema de las empresas papeleras, la ausencia de una relaci\u00f3n clara y transparente con el estado de Venezuela \u2014relaci\u00f3n en la cual se entremezclan negocios privados no debidamente aclarados y confusos episodios p\u00fablicos como el de la valija de Antonini Wilson-, o la carencia de una estrategia para la definitiva normalizaci\u00f3n de las relaciones de la Argentina con el sistema financiero internacional ", "person": 3, "video": "", "user": 1, "image_url": "", "slug": "reinsercion-de-la-argentina-en-el-contexto-internacional-35193972234"}}, {"pk": 19, "model": "facto.fact", "fields": {"status": "false", "category": 10, "title": "Di\u00e1logo pol\u00edtico", "quote": "Un nuevo tiempo pol\u00edtico que diera lugar al di\u00e1logo pol\u00edtico y a la mejor\u00eda de la calidad institucional de la democracia argentina dejando atr\u00e1s el ciclo de emergencia permanente inaugurado en la \u00faltima d\u00e9cada.", "created_at": "2014-05-04T09:57:26.835Z", "updated_at": "2014-05-04T09:57:26.835Z", "content": "Parte del primer a\u00f1o de gobierno de CFK a\u00fan se encontr\u00f3 el prolongado conflicto con las entidades del sector agropecuario . Ni el gobierno \u2014tampoco los sectores agropecuarios- ofrecieron propuestas de negociaci\u00f3n que otorgaran racionalidad al conflicto, predominando la descalificaci\u00f3n de la protesta y la puesta en marcha de una calibrada estrategia de confrontaci\u00f3n muy caracter\u00edstica del gobierno de N\u00e9stor Kirchner, llevada a cabo antes contra actores que se percib\u00eda en condiciones de poder ser derrotados.", "person": 3, "video": "", "user": 1, "image_url": "", "slug": "dialogo-politico-64873114169"}}, {"pk": 20, "model": "facto.fact", "fields": {"status": "false", "category": 10, "title": "Un cambio en relaci\u00f3n a la de su antecesor", "quote": "La inauguraci\u00f3n de una presidencia que establecer\u00eda un cambio en relaci\u00f3n a la de su antecesor \u2014 esposo y socio pol\u00edtico- N\u00e9stor Kirchner", "created_at": "2014-05-04T09:57:26.838Z", "updated_at": "2014-05-04T09:57:26.838Z", "content": "La permanencia en el gabinete de actores centrales del gobierno de N\u00e9stor Kirchner, el fortalecimiento del entorno ultrakirchnerista y una excesiva exposici\u00f3n medi\u00e1tica y pol\u00edtica del ex presidente han condicionado hasta la fecha la posibilidad de una gesti\u00f3n presidencial por parte de Cristina Kirchner que, a\u00fan dentro de un esquema de continuidad, pudiera desplegar un estilo propio en relaci\u00f3n a la de su c\u00f3nyuge, motivo por el cual resulta dif\u00edcil definir si se trata del primer a\u00f1o de Cristina Fern\u00e1ndez o del quinto a\u00f1o de N\u00e9stor Kirchner.", "person": 3, "video": "", "user": 1, "image_url": "", "slug": "un-cambio-en-relacion-a-la-de-su-antecesor-61344889939"}}, {"pk": 21, "model": "facto.fact", "fields": {"status": "half-true", "category": 1, "title": "Redise\u00f1o de impuestos", "quote": "El presidente Rafael Correa dijo ayer que su gobierno est\u00e1 \u201credise\u00f1ando un paquete de impuestos\u201d para aumentar el Bono de Desarrollo Humano, de $ 35 a $ 50.", "created_at": "2014-05-04T09:57:26.848Z", "updated_at": "2014-05-04T09:57:26.848Z", "content": "El Bono de Desarrollo Humano busca ampliar el capital humano y evitar la persistencia de la pobreza mediante la entrega de compensaciones monetarias directas a las familias que se encuentran en condiciones de vulnerabilidad. Pero el incremento se har\u00e1 tambi\u00e9n \u201cquitando ciertas prebendas e incentivos del que se beneficia el sector financiero", "person": 7, "video": "", "user": 1, "image_url": "", "slug": "rediseno-de-impuestos-22651174949"}}, {"pk": 22, "model": "facto.fact", "fields": {"status": "true", "category": 1, "title": "Condonaci\u00f3n total de la deuda externa", "quote": "Promete de exigir la condonaci\u00f3n total de la deuda externa de Bolivia", "created_at": "2014-05-04T09:57:26.853Z", "updated_at": "2014-05-04T09:57:26.853Z", "content": "El l\u00edder campesino Evo Morales ha iniciado su campa\u00f1a electoral para la Presidencia de Bolivia con la firme promesa de exigir la condonaci\u00f3n total de la deuda externa del pa\u00eds andino. Evo Morales tambi\u00e9n cobr\u00f3 la deuda a Europa el 30 de junio de 2013, en su discurso ante la reuni\u00f3n de Jefes de Estado de la Comunidad Europea.", "person": 10, "video": "", "user": 1, "image_url": "", "slug": "condonacion-total-de-la-deuda-externa-68053470378"}}, {"pk": 1, "model": "facto.source", "fields": {"title": "", "url": "http://www.nytimes.com/2013/09/09/world/americas/president-of-mexico-proposes-tax-overhaul.html?_r=0", "created_at": "2014-05-04T09:57:26.728Z", "updated_at": "2014-05-04T09:57:26.728Z", "content": "", "slug": "", "fact": 1}}, {"pk": 2, "model": "facto.source", "fields": {"title": "", "url": "http://en.rsf.org/mexique-new-telecoms-bill-threatens-25-04-2014,46199.html", "created_at": "2014-05-04T09:57:26.729Z", "updated_at": "2014-05-04T09:57:26.729Z", "content": "", "slug": "", "fact": 1}}, {"pk": 3, "model": "facto.source", "fields": {"title": "", "url": "http://stream.aljazeera.com/story/201404282010-0023675", "created_at": "2014-05-04T09:57:26.731Z", "updated_at": "2014-05-04T09:57:26.731Z", "content": "", "slug": "", "fact": 1}}, {"pk": 4, "model": "facto.source", "fields": {"title": "", "url": "http://es.wikipedia.org/wiki/Reforma_de_telecomunicaciones_en_M%C3%A9xico", "created_at": "2014-05-04T09:57:26.732Z", "updated_at": "2014-05-04T09:57:26.732Z", "content": "", "slug": "", "fact": 1}}, {"pk": 5, "model": "facto.source", "fields": {"title": "", "url": "http://fusion.net/leadership/story/pea-nieto-makes-big-promises-mexico-18154", "created_at": "2014-05-04T09:57:26.738Z", "updated_at": "2014-05-04T09:57:26.738Z", "content": "", "slug": "", "fact": 2}}, {"pk": 6, "model": "facto.source", "fields": {"title": "", "url": "http://toglobalist.org/2013/10/mexican-teachers-protest-against-pena-nietos-education-reform/", "created_at": "2014-05-04T09:57:26.739Z", "updated_at": "2014-05-04T09:57:26.739Z", "content": "", "slug": "", "fact": 2}}, {"pk": 7, "model": "facto.source", "fields": {"title": "", "url": "http://americasquarterly.org/content/pe%C3%B1a-nieto-launches-life-insurance-program", "created_at": "2014-05-04T09:57:26.743Z", "updated_at": "2014-05-04T09:57:26.743Z", "content": "", "slug": "", "fact": 3}}, {"pk": 8, "model": "facto.source", "fields": {"title": "", "url": "http://toglobalist.org/2013/10/mexican-teachers-protest-against-pena-nietos-education-reform/", "created_at": "2014-05-04T09:57:26.747Z", "updated_at": "2014-05-04T09:57:26.747Z", "content": "", "slug": "", "fact": 4}}, {"pk": 9, "model": "facto.source", "fields": {"title": "", "url": "https://www.cia.gov/library/publications/the-world-factbook/geos/cu.html", "created_at": "2014-05-04T09:57:26.749Z", "updated_at": "2014-05-04T09:57:26.749Z", "content": "", "slug": "", "fact": 4}}, {"pk": 10, "model": "facto.source", "fields": {"title": "", "url": "http://apps.who.int/gho/data/?theme=country&vid=7100", "created_at": "2014-05-04T09:57:26.750Z", "updated_at": "2014-05-04T09:57:26.750Z", "content": "", "slug": "", "fact": 4}}, {"pk": 11, "model": "facto.source", "fields": {"title": "", "url": "http://apps.who.int/gho/data/?theme=country&vid=7100", "created_at": "2014-05-04T09:57:26.751Z", "updated_at": "2014-05-04T09:57:26.751Z", "content": "", "slug": "", "fact": 4}}, {"pk": 12, "model": "facto.source", "fields": {"title": "", "url": "http://www.aljazeera.com/indepth/features/2012/06/201265115527622647.html", "created_at": "2014-05-04T09:57:26.755Z", "updated_at": "2014-05-04T09:57:26.755Z", "content": "", "slug": "", "fact": 5}}, {"pk": 13, "model": "facto.source", "fields": {"title": "", "url": "http://www.bbc.com/news/world-latin-america-27219014", "created_at": "2014-05-04T09:57:26.759Z", "updated_at": "2014-05-04T09:57:26.759Z", "content": "", "slug": "", "fact": 6}}, {"pk": 14, "model": "facto.source", "fields": {"title": "", "url": "http://www.sibci.gob.ve/2013/09/venezuela-implements-second-minimum-wage-increase-of-2013/", "created_at": "2014-05-04T09:57:26.760Z", "updated_at": "2014-05-04T09:57:26.760Z", "content": "", "slug": "", "fact": 6}}, {"pk": 15, "model": "facto.source", "fields": {"title": "", "url": "http://www.ultimasnoticias.com.ve/noticias/actualidad/politica/marquina-aumento-del-salario-minimo-equivale-al-pr.aspx#ixzz30g51B7cP", "created_at": "2014-05-04T09:57:26.761Z", "updated_at": "2014-05-04T09:57:26.761Z", "content": "", "slug": "", "fact": 6}}, {"pk": 16, "model": "facto.source", "fields": {"title": "", "url": "http://www.correodelorinoco.gob.ve/wp-content/uploads/2013/11/COI-184.pdf", "created_at": "2014-05-04T09:57:26.766Z", "updated_at": "2014-05-04T09:57:26.766Z", "content": "", "slug": "", "fact": 7}}, {"pk": 17, "model": "facto.source", "fields": {"title": "", "url": "http://rsf.org/index2014/en-americas.php#", "created_at": "2014-05-04T09:57:26.768Z", "updated_at": "2014-05-04T09:57:26.768Z", "content": "", "slug": "", "fact": 7}}, {"pk": 18, "model": "facto.source", "fields": {"title": "", "url": "http://en.wikipedia.org/wiki/Telecommunications_in_Venezuela", "created_at": "2014-05-04T09:57:26.769Z", "updated_at": "2014-05-04T09:57:26.769Z", "content": "", "slug": "", "fact": 7}}, {"pk": 19, "model": "facto.source", "fields": {"title": "", "url": "http://caracaschronicles.com/2014/03/17/busting-the-myth-of-freedom-of-speech-in-venezuela/", "created_at": "2014-05-04T09:57:26.770Z", "updated_at": "2014-05-04T09:57:26.770Z", "content": "", "slug": "", "fact": 7}}, {"pk": 20, "model": "facto.source", "fields": {"title": "", "url": "http://caracaschronicles.com/2014/03/17/busting-the-myth-of-freedom-of-speech-in-venezuela/", "created_at": "2014-05-04T09:57:26.774Z", "updated_at": "2014-05-04T09:57:26.774Z", "content": "", "slug": "", "fact": 8}}, {"pk": 21, "model": "facto.source", "fields": {"title": "", "url": "http://en.rsf.org/press-freedom-index-2013,1054.html", "created_at": "2014-05-04T09:57:26.775Z", "updated_at": "2014-05-04T09:57:26.775Z", "content": "", "slug": "", "fact": 8}}, {"pk": 22, "model": "facto.source", "fields": {"title": "", "url": "http://www.eluniverso.com/noticias/2014/03/02/nota/2266291/censura-venezuela-se-agrava-protestas", "created_at": "2014-05-04T09:57:26.776Z", "updated_at": "2014-05-04T09:57:26.776Z", "content": "", "slug": "", "fact": 8}}, {"pk": 23, "model": "facto.source", "fields": {"title": "", "url": "http://www.prensalibre.com/noticias/politica/PROMESA-PRESIDENCIAL_0_846515361.html", "created_at": "2014-05-04T09:57:26.784Z", "updated_at": "2014-05-04T09:57:26.784Z", "content": "", "slug": "", "fact": 10}}, {"pk": 24, "model": "facto.source", "fields": {"title": "", "url": "http://www.prensalibre.com/noticias/politica/PROMESA-PRESIDENCIAL_0_846515361.html", "created_at": "2014-05-04T09:57:26.788Z", "updated_at": "2014-05-04T09:57:26.788Z", "content": "", "slug": "", "fact": 11}}, {"pk": 25, "model": "facto.source", "fields": {"title": "", "url": "http://www.prensalibre.com/noticias/politica/PROMESA-PRESIDENCIAL_0_846515361.html", "created_at": "2014-05-04T09:57:26.794Z", "updated_at": "2014-05-04T09:57:26.794Z", "content": "", "slug": "", "fact": 12}}, {"pk": 26, "model": "facto.source", "fields": {"title": "", "url": "http://www.eltiempo.com/politica/ARTICULO-WEB-NEW_NOTA_INTERIOR-12971968.html", "created_at": "2014-05-04T09:57:26.798Z", "updated_at": "2014-05-04T09:57:26.798Z", "content": "", "slug": "", "fact": 13}}, {"pk": 27, "model": "facto.source", "fields": {"title": "", "url": "http://www.eltiempo.com/politica/metas-y-deudas-en-los-tres-anos-de-gobierno-de-juan-manuel-santos_12971963-4", "created_at": "2014-05-04T09:57:26.799Z", "updated_at": "2014-05-04T09:57:26.799Z", "content": "", "slug": "", "fact": 13}}, {"pk": 28, "model": "facto.source", "fields": {"title": "", "url": "http://www.olapolitica.com/content/santos-lanza-plan-de-gobierno-2014-2018", "created_at": "2014-05-04T09:57:26.800Z", "updated_at": "2014-05-04T09:57:26.800Z", "content": "", "slug": "", "fact": 13}}, {"pk": 29, "model": "facto.source", "fields": {"title": "", "url": "http://www.fcm.org.co/index.php?id=89&no_cache=1&tx_ttnews%5Byear%5D=2013&tx_ttnews%5Bmonth%5D=08&tx_ttnews%5Btt_news%5D=13234&tx_ttnews%5BbackPid%5D=86&cHash=90f7c3e07cd22701192fdad9280ce490", "created_at": "2014-05-04T09:57:26.802Z", "updated_at": "2014-05-04T09:57:26.802Z", "content": "", "slug": "", "fact": 13}}, {"pk": 30, "model": "facto.source", "fields": {"title": "", "url": "http://www.eltiempo.com/politica/metas-y-deudas-en-los-tres-anos-de-gobierno-de-juan-manuel-santos_12971963-4", "created_at": "2014-05-04T09:57:26.807Z", "updated_at": "2014-05-04T09:57:26.807Z", "content": "", "slug": "", "fact": 14}}, {"pk": 31, "model": "facto.source", "fields": {"title": "", "url": "http://www.larepublica.pe/04-03-2014/juan-manuel-santos-inscribio-su-candidatura-y-promete-paz-total-en-colombia", "created_at": "2014-05-04T09:57:26.808Z", "updated_at": "2014-05-04T09:57:26.808Z", "content": "", "slug": "", "fact": 14}}, {"pk": 32, "model": "facto.source", "fields": {"title": "", "url": "http://www.theguardian.com/world/2014/mar/16/colombia-brink-ending-civil-war-farc", "created_at": "2014-05-04T09:57:26.809Z", "updated_at": "2014-05-04T09:57:26.809Z", "content": "", "slug": "", "fact": 14}}, {"pk": 33, "model": "facto.source", "fields": {"title": "", "url": "http://www.cnn.com/2013/11/21/world/americas/colombia-santos-re-election/", "created_at": "2014-05-04T09:57:26.810Z", "updated_at": "2014-05-04T09:57:26.810Z", "content": "", "slug": "", "fact": 14}}, {"pk": 34, "model": "facto.source", "fields": {"title": "", "url": "http://www.lostiempos.com/diario/actualidad/internacional/20100927/santos-promete-que-librara-a-colombia-del-crimen-y-la_91518_176241.html", "created_at": "2014-05-04T09:57:26.814Z", "updated_at": "2014-05-04T09:57:26.814Z", "content": "", "slug": "", "fact": 15}}, {"pk": 35, "model": "facto.source", "fields": {"title": "", "url": "http://www.terra.com.co/noticias/articulo/html/acu33617-los-diez-retos-de-juan-manuel-santos-como-presidente.htm", "created_at": "2014-05-04T09:57:26.816Z", "updated_at": "2014-05-04T09:57:26.816Z", "content": "", "slug": "", "fact": 15}}, {"pk": 36, "model": "facto.source", "fields": {"title": "", "url": "http://www.ministeriodesarrollosocial.gob.cl/pdf/upload/50medidasMB.pdf", "created_at": "2014-05-04T09:57:26.819Z", "updated_at": "2014-05-04T09:57:26.819Z", "content": "", "slug": "", "fact": 16}}, {"pk": 37, "model": "facto.source", "fields": {"title": "", "url": "http://www.latercera.com/noticia/politica/2013/10/674-546053-9-lo-que-cumplio-y-lo-que-no-las-36-promesas-de-campana-del-gobierno-de-bachelet.shtml", "created_at": "2014-05-04T09:57:26.821Z", "updated_at": "2014-05-04T09:57:26.821Z", "content": "", "slug": "", "fact": 16}}, {"pk": 38, "model": "facto.source", "fields": {"title": "", "url": "http://www.emol.com/noticias/nacional/2008/10/09/325399/bachelet-anuncia-aumento-de-becas-de-ingles-corfo-para-el-2009.html", "created_at": "2014-05-04T09:57:26.822Z", "updated_at": "2014-05-04T09:57:26.822Z", "content": "", "slug": "", "fact": 16}}, {"pk": 39, "model": "facto.source", "fields": {"title": "", "url": "http://www.latercera.com/noticia/politica/2013/10/674-546053-9-lo-que-cumplio-y-lo-que-no-las-36-promesas-de-campana-del-gobierno-de-bachelet.shtml", "created_at": "2014-05-04T09:57:26.826Z", "updated_at": "2014-05-04T09:57:26.826Z", "content": "", "slug": "", "fact": 17}}, {"pk": 40, "model": "facto.source", "fields": {"title": "", "url": "http://www.fiap.cl/prontus_fiap/site/artic/20110613/asocfile/20110613121920/solange_berstein.pdf", "created_at": "2014-05-04T09:57:26.827Z", "updated_at": "2014-05-04T09:57:26.827Z", "content": "", "slug": "", "fact": 17}}, {"pk": 41, "model": "facto.source", "fields": {"title": "", "url": "http://www.elimparcial.es/america/las-falsas-promesas-de-cristina-fernandez-29527.html", "created_at": "2014-05-04T09:57:26.831Z", "updated_at": "2014-05-04T09:57:26.831Z", "content": "", "slug": "", "fact": 18}}, {"pk": 42, "model": "facto.source", "fields": {"title": "", "url": "http://www.elimparcial.es/america/las-falsas-promesas-de-cristina-fernandez-29527.html", "created_at": "2014-05-04T09:57:26.836Z", "updated_at": "2014-05-04T09:57:26.836Z", "content": "", "slug": "", "fact": 19}}, {"pk": 43, "model": "facto.source", "fields": {"title": "", "url": "http://www.elimparcial.es/america/las-falsas-promesas-de-cristina-fernandez-29527.html", "created_at": "2014-05-04T09:57:26.840Z", "updated_at": "2014-05-04T09:57:26.840Z", "content": "", "slug": "", "fact": 20}}, {"pk": 44, "model": "facto.source", "fields": {"title": "", "url": "http://www.radiointegracion1041.com/noticias/nacionales/44-rafael-correa-tambien-ofrece-el-bono-a-50-pero-quitara-incentivos-para-la-banca.html", "created_at": "2014-05-04T09:57:26.849Z", "updated_at": "2014-05-04T09:57:26.849Z", "content": "", "slug": "", "fact": 21}}, {"pk": 45, "model": "facto.source", "fields": {"title": "", "url": "http://www.telegrafo.com.ec/noticias/informacion-general/item/presidente-correa-firmo-decreto-ejecutivo-que-fija-bono-de-desarrollo-humano-en-50.html", "created_at": "2014-05-04T09:57:26.851Z", "updated_at": "2014-05-04T09:57:26.851Z", "content": "", "slug": "", "fact": 21}}, {"pk": 46, "model": "facto.source", "fields": {"title": "", "url": "http://www.americaeconomica.com/numeros4/328/noticias/Jevomorales.htm", "created_at": "2014-05-04T09:57:26.855Z", "updated_at": "2014-05-04T09:57:26.855Z", "content": "", "slug": "", "fact": 22}}, {"pk": 47, "model": "facto.source", "fields": {"title": "", "url": "http://latribunacolombia.blogspot.com/2013/07/evo-morales-cobra-la-deuda-europa.html", "created_at": "2014-05-04T09:57:26.856Z", "updated_at": "2014-05-04T09:57:26.856Z", "content": "", "slug": "", "fact": 22}}]