[{"fields": {"blur": "Programmer, likes music, books,  and politics", "user": 1, "profile_pic_url": "https://scontent-b-mia.xx.fbcdn.net/hphotos-ash3/t1.0-9/537347_10151686867025667_101194577_n.jpg"}, "model": "facto.userprofile", "pk": 1}, {"fields": {"updated_at": "2014-05-03T20:40:08.140Z", "slug": "mexico", "name": "Mexico", "created_at": "2014-05-03T20:40:08.140Z", "picture_url": "/static/images/mexico.png"}, "model": "facto.country", "pk": 1}, {"fields": {"updated_at": "2014-05-03T20:40:38.080Z", "slug": "colombia", "name": "Colombia", "created_at": "2014-05-03T20:40:38.080Z", "picture_url": "/static/images/colombia.png"}, "model": "facto.country", "pk": 2}, {"fields": {"updated_at": "2014-05-03T20:41:02.178Z", "slug": "argentina", "name": "Argentina", "created_at": "2014-05-03T20:41:02.178Z", "picture_url": "/static/images/argentina.png"}, "model": "facto.country", "pk": 3}, {"fields": {"updated_at": "2014-05-03T20:47:07.807Z", "slug": "peru", "name": "Peru", "created_at": "2014-05-03T20:41:22.947Z", "picture_url": "/static/images/peru.png"}, "model": "facto.country", "pk": 4}, {"fields": {"updated_at": "2014-05-03T20:44:56.522Z", "slug": "venezuela", "name": "Venezuela", "created_at": "2014-05-03T20:44:56.521Z", "picture_url": "/static/images/venezuela.png"}, "model": "facto.country", "pk": 5}, {"fields": {"updated_at": "2014-05-03T20:50:04.032Z", "slug": "chile", "name": "Chile", "created_at": "2014-05-03T20:50:04.032Z", "picture_url": "/static/images/chile.png"}, "model": "facto.country", "pk": 6}, {"fields": {"updated_at": "2014-05-03T20:50:20.477Z", "slug": "ecuador", "name": "Ecuador", "created_at": "2014-05-03T20:50:20.477Z", "picture_url": "/static/images/ecuador.png"}, "model": "facto.country", "pk": 7}, {"fields": {"updated_at": "2014-05-03T20:50:53.038Z", "slug": "guatemala", "name": "Guatemala", "created_at": "2014-05-03T20:50:53.038Z", "picture_url": "/static/images/guatemala.png"}, "model": "facto.country", "pk": 8}, {"fields": {"updated_at": "2014-05-03T20:51:09.007Z", "slug": "cuba", "name": "Cuba", "created_at": "2014-05-03T20:51:09.007Z", "picture_url": "/static/images/cuba.png"}, "model": "facto.country", "pk": 9}, {"fields": {"updated_at": "2014-05-03T20:51:30.640Z", "slug": "bolivia", "name": "Bolivia", "created_at": "2014-05-03T20:51:30.640Z", "picture_url": "/static/images/bolivia.png"}, "model": "facto.country", "pk": 10}, {"fields": {"profile_pic_url": "http://a.abcnews.com/images/ABC_Univision/ap_Enrique_pena_nieto_121201_mn.jpg", "slug": "enrique-pena-nieto", "title": "President", "name": "Enrique Pe\u00f1a Nieto", "updated_at": "2014-05-04T08:22:33.540Z", "created_at": "2014-05-04T08:22:33.540Z", "country": 1}, "model": "facto.person", "pk": 1}, {"fields": {"profile_pic_url": "http://veja0.abrilm.com.br/assets/images/2010/8/16758/Juan-Manuel-Santos-size-598.bmp", "slug": "juan-manuel-santos", "title": "President", "name": "Juan Manuel Santos", "updated_at": "2014-05-04T08:22:33.555Z", "created_at": "2014-05-04T08:22:33.554Z", "country": 2}, "model": "facto.person", "pk": 2}, {"fields": {"profile_pic_url": "http://2.bp.blogspot.com/-FNuraVBlJoI/UlP6mlsTqAI/AAAAAAAAQ3o/JS-i01pB82Q/s1600/Metrodiario-Cristina-Fernandez-de-Kirchner-sera-operada-hoy-de-urgencia.jpg", "slug": "cristina-fernandez-de-kirchner", "title": "President", "name": "Cristina Fern\u00e1ndez de Kirchner", "updated_at": "2014-05-04T08:22:33.572Z", "created_at": "2014-05-04T08:22:33.572Z", "country": 3}, "model": "facto.person", "pk": 3}, {"fields": {"profile_pic_url": "http://www.lapatilla.com/site/wp-content/uploads/2013/09/ollanta-humala.jpg", "slug": "ollanta-humala", "title": "President", "name": "Ollanta Humala", "updated_at": "2014-05-04T08:22:33.623Z", "created_at": "2014-05-04T08:22:33.623Z", "country": 4}, "model": "facto.person", "pk": 4}, {"fields": {"profile_pic_url": "http://lprnoticias.com/wp-content/uploads/2014/03/Nicolas-Maduro_0.jpg", "slug": "nicolas-maduro", "title": "President", "name": "Nicol\u00e1s Maduro", "updated_at": "2014-05-04T08:22:33.639Z", "created_at": "2014-05-04T08:22:33.639Z", "country": 5}, "model": "facto.person", "pk": 5}, {"fields": {"profile_pic_url": "http://www.redantofagasta.com/wp-content/uploads/2013/12/bache-e1387160677877.png", "slug": "michelle-bachelet", "title": "President", "name": "Michelle Bachelet", "updated_at": "2014-05-04T08:22:33.652Z", "created_at": "2014-05-04T08:22:33.652Z", "country": 6}, "model": "facto.person", "pk": 6}, {"fields": {"profile_pic_url": "http://www.acercandonaciones.com/wp-content/uploads/2011/12/Rafael_Correa.jpg", "slug": "rafael-correa", "title": "President", "name": "Rafael Correa", "updated_at": "2014-05-04T08:22:33.669Z", "created_at": "2014-05-04T08:22:33.669Z", "country": 7}, "model": "facto.person", "pk": 7}, {"fields": {"profile_pic_url": "http://www.prensalibre.com/noticias/Seguridad-transparencia-principales-Perez-Molina_PREIMA20130113_0086_76.jpg", "slug": "otto-perez-molina", "title": "President", "name": "Otto P\u00e9rez Molina", "updated_at": "2014-05-04T08:22:33.686Z", "created_at": "2014-05-04T08:22:33.686Z", "country": 8}, "model": "facto.person", "pk": 8}, {"fields": {"profile_pic_url": "http://cdn.noticiaaldia.com/wp-content/uploads/2014/05/raul_castro_ruz_portada.jpg", "slug": "raul-castro", "title": "President", "name": "Ra\u00fal Castro", "updated_at": "2014-05-04T08:22:33.728Z", "created_at": "2014-05-04T08:22:33.728Z", "country": 9}, "model": "facto.person", "pk": 9}, {"fields": {"profile_pic_url": "http://fuerza.com.mx/wp-content/uploads/2013/03/evo_morales_bolivia.jpg", "slug": "evo-morales", "title": "President", "name": "Evo Morales", "updated_at": "2014-05-04T08:22:33.740Z", "created_at": "2014-05-04T08:22:33.740Z", "country": 10}, "model": "facto.person", "pk": 10}, {"fields": {"title": "Economia", "slug": "economia", "created_at": "2014-05-03T22:04:09.323Z", "updated_at": "2014-05-03T22:05:40.301Z"}, "model": "facto.category", "pk": 1}, {"fields": {"title": "Salud", "slug": "salud", "created_at": "2014-05-03T22:05:18.267Z", "updated_at": "2014-05-03T22:05:18.267Z"}, "model": "facto.category", "pk": 4}, {"fields": {"title": "Educacion", "slug": "educacion", "created_at": "2014-05-04T09:34:37.801Z", "updated_at": "2014-05-04T09:58:17.212Z"}, "model": "facto.category", "pk": 5}, {"fields": {"title": "Libertad De Expresion", "slug": "libertad-de-expresion", "created_at": "2014-05-04T09:34:37.811Z", "updated_at": "2014-05-04T09:58:12.050Z"}, "model": "facto.category", "pk": 6}, {"fields": {"title": "Medio Ambiente", "slug": "medio-ambiente", "created_at": "2014-05-04T09:34:37.818Z", "updated_at": "2014-05-04T09:58:02.270Z"}, "model": "facto.category", "pk": 7}, {"fields": {"title": "Imigracion ", "slug": "imigracion", "created_at": "2014-05-04T09:34:37.821Z", "updated_at": "2014-05-04T09:57:55.472Z"}, "model": "facto.category", "pk": 8}, {"fields": {"title": "Violencia", "slug": "violencia", "created_at": "2014-05-04T09:34:37.825Z", "updated_at": "2014-05-04T09:57:50.501Z"}, "model": "facto.category", "pk": 9}, {"fields": {"title": "Relaciones Publicas", "slug": "relaciones-publicas", "created_at": "2014-05-04T09:34:37.833Z", "updated_at": "2014-05-04T09:57:44.414Z"}, "model": "facto.category", "pk": 10}, {"fields": {"title": "Imigracion ", "slug": "imigracion", "created_at": "2014-05-04T10:20:28.567Z", "updated_at": "2014-05-04T10:29:31.669Z"}, "model": "facto.category", "pk": 11}, {"fields": {"image_url": "http://en.rsf.org/local/cache-vignettes/L150xH113/arton46199-3ce6a.jpg", "user": 1, "category": 1, "content": "The reform gives the government the right to oversee media content \u201cin priority cases, exceptionally and in emergencies\u201d. \nSeveral articles would give the government the unprecedented right to intervene in communications traffic, such as blocking telecoms signals in places or during events regarded as \u201ccritical for public security\u201d.\nThe reform would allow the government to restrict access to the Internet and increase surveillance. \nIt will give government power to restrict Internet access during periods of public unrest \n", "person": 1, "slug": "telecommunications-reform-would-supplement-existing-federal-telecoms-legislation-in-force-since-1995-81063436131", "video": "", "title": "Telecommunications reform would supplement existing federal telecoms legislation in force since 1995", "status": "false", "updated_at": "2014-05-04T10:20:28.488Z", "created_at": "2014-05-04T10:20:28.488Z", "quote": "President Enrique Pe\u00f1a Nieto claimed his telecommunications reform would supplement existing federal telecoms legislation in force since 1995, restore the balance of power between the giants in the market and the small players and boost diversity."}, "model": "facto.fact", "pk": 1}, {"fields": {"image_url": "http://cl.ly/image/1K3m3e2i2u3m/Screen%20Shot%202014-05-04%20at%205.56.01%20AM.png", "user": 1, "category": 5, "content": "The educational reform aims to improve the low standard of education in Mexico by being tougher on teachers and giving the Union less power.\nUp until now,  Teachers\u2019 Unions have had complete control over the education system. The Union has abused this power and there are numerous reports of corruption within the organization.\nThe most notable example is the embezzlement of public funds by the SNTE (the largest teachers\u2019 Union in Mexico) which culminated in the arrest of ex-Union leader Elba Ester Gordillo who was alleged to have stolen more than $2 billion pesos. Teachers could sell their jobs or hand them down to their children.\nunder the new education reform, the Union will be stripped of its budget (which will be re-directed to the government) and teacher assessments from independent bodies will become mandatory. \nFurther criticisms of the reform include the overemphasis on teacher assessment, which at 800 000 teacher performance evaluations per year will be an extremely costly process.\n", "person": 1, "slug": "a-new-education-law-that-will-fund-a-census-of-the-countrys-schools-55432623550", "video": "", "title": "A new education law that will fund a census of the country's schools", "status": "true", "updated_at": "2014-05-04T10:20:28.500Z", "created_at": "2014-05-04T10:20:28.500Z", "quote": "A new education law that will fund a census of the country's schools and establish new merit-based procedures for hiring teachers."}, "model": "facto.fact", "pk": 2}, {"fields": {"image_url": "http://cl.ly/image/0f0t3p0q2u3s/Screen%20Shot%202014-05-04%20at%205.56.54%20AM.png", "user": 1, "category": 4, "content": "The program, titled 'Seguro de Vida para Madres Jefas de Familia' (Life Insurance for Female Heads of Family), will be overseen by the Secretariat of Social Development (Sedesol) and the Family Development Agency (DIF) with an initial budget of 400 million pesos ($32 million).", "person": 1, "slug": "beneficios-para-un-sector-de-la-poblacion-que-no-tiene-seguridad-social-52113747245", "video": "", "title": "Beneficios para un sector de la poblaci\u00f3n que no tiene seguridad social", "status": "true", "updated_at": "2014-05-04T10:20:28.506Z", "created_at": "2014-05-04T10:20:28.506Z", "quote": "...vienen a concretar beneficios para un sector de la poblaci\u00f3n que no tiene seguridad social, que no tiene la cobertura ni del Seguro Social, ni del Seguro Popular, ni los beneficios de contar con un apoyo, especialmente en la edad adulta, cuando cada vez es m\u00e1s dif\u00edcil tener un empleo."}, "model": "facto.fact", "pk": 3}, {"fields": {"image_url": "http://toglobalist.org/wp-content/uploads/2013/10/Untitled-300x199.png", "user": 1, "category": 4, "content": "Cuba infant mortality rate is indeed lower -- an estimated 4.76 deaths per 1,000 live births in 2013, compared to 5.90 for the United States. - CIA world factbook\nCuba had 6 deaths under age 5 per 1,000 live births between 2005 and 2010, compared to 8 deaths for the United States - World Health Organization\nFor 2012, the group found that life expectancy was 79.2 years in Cuba, compared to 78.8 years in the U.S. -  Pan American Health Organization \nAccording to the official statistics, Cuba does beat out the United States for both infant and child mortality, and on life expectancy, the data is mixed, with a slight edge to the United States. \nHowever, the combination of the Cuban government\u2019s heavy-handed enforcement of statistical targets and the lack of transparency has led some experts to suggest taking the numbers with a grain of salt. On balance, we rate Harkin\u2019s claim Half True. \n", "person": 9, "slug": "cuba-has-lower-mortality-rate-than-us-74573868218", "video": "", "title": "Cuba has lower mortality rate than US", "status": "half-true", "updated_at": "2014-05-04T10:20:28.512Z", "created_at": "2014-05-04T10:20:28.512Z", "quote": "Cuba has lower mortality rate than US"}, "model": "facto.fact", "pk": 4}, {"fields": {"image_url": "http://cl.ly/image/0o0Z1t0j1y0Y/Screen%20Shot%202014-05-04%20at%205.58.39%20AM.png", "user": 1, "category": 4, "content": "Hospitals for tourists are clean and service available but that is not the case for Cubans\nMedical attention is free but many patients did and still do bring their doctors food, money or other gifts to get to the front of the queue or to guarantee an appointment for an X-ray, blood test or operation.\nIf you do not have a contact or money to pay under the table, the waiting time for all but emergency procedures can be ridiculously long.\nMany Cubans complain that top-level government and Communist Party officials have access to VIP health treatment, while ordinary people must queue from dawn for a routine test, with no guarantee that the allotted numbers will not run out before it is their turn.\nAnd while the preventative health care system works well for children, women over the age of 40 are being shortchanged because yearly mammograms are not offered to the population at large.\n", "person": 9, "slug": "cuba-has-great-healthcare-system-32099682917", "video": "", "title": "Cuba has great healthcare system", "status": "false", "updated_at": "2014-05-04T10:20:28.523Z", "created_at": "2014-05-04T10:20:28.523Z", "quote": "Cuba has great healthcare system"}, "model": "facto.fact", "pk": 5}, {"fields": {"image_url": "http://news.bbcimg.co.uk/media/images/74543000/jpg/_74543620_2052ca39-88c5-438b-b3b5-1176336030a1.jpg", "user": 1, "category": 1, "content": "On May 1st the minimum wage rose by 20%, from 2,047 Bolivars (U.S. $325) to 2,457 Bolivars ($390). A further wage increase of 10% increasing the salary to 2,703 Bolivars ($429).\nHowever, the cumulative salary increase of 32% so far this year is only just ahead of inflation, which rose 29% in the first seven months of 2013.\nThe [minimum] salary since the arrival of Hugo Chavez in 1998 has multiplied by approximately 24.5, but inflation has also risen significantly, which has left a minimum wage increase of 17% in real terms,\u201d Garcia said in a recent interview with media outlet Noticias 24.\n", "person": 5, "slug": "minimum-wage-this-year-would-be-increased-in-three-tiers-20-in-may10-in-september-and-a-further-5-10-in-november-24466410747", "video": "", "title": "Minimum wage this year would be increased in three tiers; 20% in May,10% in September, and a further 5 \u2013 10% in November", "status": "true", "updated_at": "2014-05-04T10:20:28.528Z", "created_at": "2014-05-04T10:20:28.528Z", "quote": "Maduro government announced that the minimum wage this year would be increased in three tiers; 20% in May,10% in September, and a further 5 \u2013 10% in November, resulting in a total cumulative increase of 38 \u2013 45%."}, "model": "facto.fact", "pk": 6}, {"fields": {"image_url": "http://cl.ly/image/1V1P0J0p3B1j/Screen%20Shot%202014-05-04%20at%206.00.16%20AM.png", "user": 1, "category": 6, "content": "The media in Venezuela is \"almost entirely dominated by the government and its obligatory announcements, called cadenas Venezuela has many Internet service providers, although the market is dominated by the now state-owned CANTV.net which limits the access to certain pages and information  \nCentral government blockings of web pages, Twitter contents, and Internet and telephone services in the state of T\u00e1chira have been reported. ", "person": 5, "slug": "extension-of-social-programs-and-benefits-to-workers-such-as-free-wifi-throughout-the-country-66201194038", "video": "", "title": "Extension of social programs and benefits to workers such as free wifi throughout the country", "status": "false", "updated_at": "2014-05-04T10:20:28.535Z", "created_at": "2014-05-04T10:20:28.535Z", "quote": "President Nicolas Maduro announced the extension of social programs and benefits to workers such as free wifi throughout the country"}, "model": "facto.fact", "pk": 7}, {"fields": {"image_url": "http://caracaschronicles.files.wordpress.com/2014/03/amanpour-part-1-00010613-horizontal-gallery.jpg?w=700", "user": 1, "category": 6, "content": "By 2013, Reporters Without Borders ranked Venezuela 117th out of 179 countries in terms of freedom of the press. \nIn 2013 it was estimated that 13 TV stations, 107 public radio stations and 20 newspapers \u2013 many of them privately owned \u2013 identified themselves as \u201cgovernment inclined or balanced\u201d.\nBetween 2002 and 2013, the NGO Espacio P\u00fablico reported 418 censorship cases, reaching a record of 77 cases in 2013. If other violations to freedom of speech are included, the number of comes up to 2,011 between 2002 and 2011 and to 542 between 2012 and 2013.\n", "person": 5, "slug": "here-in-venezuela-you-have-all-the-freedom-to-come-and-go-to-broadcast-to-the-world-more-and-more-sic-the-truth-of-what-happens-in-venezuela-6243747427", "video": "", "title": "Here in Venezuela you have all the freedom to come and go, to broadcast to the world more and more (sic) the truth of what happens in Venezuela", "status": "false", "updated_at": "2014-05-04T10:20:28.545Z", "created_at": "2014-05-04T10:20:28.545Z", "quote": "\u201cHere in Venezuela you have all the freedom to come and go, to broadcast to the world more and more (sic) the truth of what happens in Venezuela.\u201d \n\u201cthere are no opinion crimes here. Here we have freedom of expression. Let us defend freedom of expression.\u201d"}, "model": "facto.fact", "pk": 8}, {"fields": {"image_url": "http://www.rpp.com.pe/ollanta-humala-confirma-integrantes-de-su-gabinete-ministerial-imagen-noticia-5-n-/picsnews/623347.jpg", "user": 1, "category": 1, "content": "En el primer a\u00f1o de gobierno se logr\u00f3 reducir el precio de 34 a 29,50 nuevos soles en grifos de PetroPer\u00fa (aunque solo en Lima)\nLanz\u00f3 un fondo de inclusi\u00f3n social energ\u00e9tico con un subsidio de 16 nuevos soles por bal\u00f3n, medida que beneficiar\u00e1 a 645 mil familias del Vraem.\n", "person": 4, "slug": "rebajar-el-precio-del-balon-de-gas-a-12-nuevos-soles-48266923450", "video": "", "title": "Rebajar el precio del bal\u00f3n de gas a 12 nuevos soles", "status": "half-true", "updated_at": "2014-05-04T10:20:28.553Z", "created_at": "2014-05-04T10:20:28.553Z", "quote": "Presidente Ollanta Humala promete rebajar el precio del bal\u00f3n de gas a 12 nuevos soles."}, "model": "facto.fact", "pk": 9}, {"fields": {"image_url": "http://www.prensalibre.com/noticias/Seguridad-transparencia-principales-Perez-Molina_PREIMA20130113_0086_76.jpg", "user": 1, "category": 7, "content": "Los conflictos mineros subieron de intensidad durante el primer a\u00f1o de gobierno de P\u00e9rez Molina.\nExpertos se\u00f1alan a un Ministerio de Ambiente \u201cinvisible\u201d,\n\u201cNo tuvo ninguna iniciativa en el a\u00f1o y se dedicaron a desintegrar la institucionalidad. La ministra despidi\u00f3 a t\u00e9cnicos calificados y puso a gente sin experiencia\u201d, dijo Rafael Maldonado, abogado del Centro de Acci\u00f3n Legal, Ambiental y Social. \n", "person": 8, "slug": "estamos-tambien-absolutamente-comprometidos-con-el-medioambiente-y-la-riqueza-natural-guatemalteca-62172204675", "video": "", "title": "Estamos tambi\u00e9n absolutamente comprometidos con el medioambiente y la riqueza natural guatemalteca", "status": "false", "updated_at": "2014-05-04T10:20:28.558Z", "created_at": "2014-05-04T10:20:28.558Z", "quote": "\u201cEstamos tambi\u00e9n absolutamente comprometidos con el medioambiente y la riqueza natural guatemalteca\u201d.\n\u201cGuatemala cumplir\u00e1 su parte de la lucha por la preservaci\u00f3n de la biodiversidad y honrar\u00e1 sus compromisos internacionales en materia ecol\u00f3gica\u201d, se\u00f1al\u00f3."}, "model": "facto.fact", "pk": 10}, {"fields": {"image_url": "http://www.lostiempos.com/diario/actualidad/internacional/20110912/media_recortes/2011/09/12/290607_gd.jpg", "user": 1, "category": 1, "content": "En el combate a la pobreza, el presidente nota: \u201cEl prop\u00f3sito es convertirlos en actores de su propio desarrollo y que no dependan solamente del Estado para salir adelante\u201d.\nEl 24 de enero se aprob\u00f3 el Ministerio de Desarrollo Social, que se hizo cargo de los programas sociales.\nEn febrero, el mandatario anunci\u00f3 la implementaci\u00f3n del plan Hambre Cero.\nEn abril todos los funcionarios convivieron un fin de semana con familias pobres, para conocer sus condiciones.\n Eduardo Vel\u00e1squez, analista del Centro de Estudios Urbanos y Regionales, considera que el Gobierno no tiene claro  qu\u00e9 se debe hacer para combatir la pobreza. \u201cNo mantuvieron la cobertura de los programas sociales y continu\u00f3 con el sesgo pol\u00edtico\u201d, afirm\u00f3.\n", "person": 8, "slug": "necesitamos-el-reconocimiento-de-nuestra-diversidad-11363202641", "video": "", "title": "Necesitamos el reconocimiento de nuestra diversidad", "status": "true", "updated_at": "2014-05-04T10:20:28.562Z", "created_at": "2014-05-04T10:20:28.562Z", "quote": "\u201cNecesitamos el reconocimiento de nuestra diversidad, la plena inclusi\u00f3n de nuestros pueblos ind\u00edgenas\u201d.\n\u201cBuscamos que haya tres tiempos de comida garantizados en la Guatemala profunda\u201d.\n\u201cLa estrategia de Hambre Cero pretende enfrentar de manera decidida el flagelo de la desnutrici\u00f3n cr\u00f3nica\u201d."}, "model": "facto.fact", "pk": 11}, {"fields": {"image_url": "http://global.fncstatic.com/static/managed/img/fn-latino/news/OPM%20Trial%20Guatemala.jpg", "user": 1, "category": 11, "content": "Se gestion\u00f3 el TPS, pero organizaciones de migrantes aseguran que se sienten a la deriva porque el Gobierno no tom\u00f3 acciones, por ejemplo, para facilitar el tr\u00e1mite del DPI. Consideran nulos los avances.", "person": 8, "slug": "govierno-apoya-a-guatemaltecos-en-el-extranjero-30724180928", "video": "", "title": "Govierno apoya a guatemaltecos en el extranjero", "status": "false", "updated_at": "2014-05-04T10:20:28.570Z", "created_at": "2014-05-04T10:20:28.570Z", "quote": "\u201cQueremos decirles a todos los guatemaltecos en el extranjero de manera muy clara que con este gobierno van a contar con todo nuestro apoyo para que se respeten sus derechos\u201d."}, "model": "facto.fact", "pk": 12}, {"fields": {"image_url": "http://www.noticiasdabahia.com.br/admin/editoria/85ad6391e11501ea07778033aecd5a95.jpg", "user": 1, "category": 4, "content": "El propio Santos admite que un saldo en rojo de su administraci\u00f3n es el atraso en el manejo de los hospitales p\u00fablicos, lo que hace muy cr\u00edtico el cuadro de la salud en Colombia. En este tema en especial lo castiga muy duro la opini\u00f3n p\u00fablica, con una desaprobaci\u00f3n superior al 70 por ciento en el manejo de este sector. Se le critica al Gobierno Nacional por plantear que ante la  cr\u00edtica situaci\u00f3n de los hospitales p\u00fablicos la soluci\u00f3n se reduzca a planes de saneamiento fiscal y financiero, como si la \u00fanica causa  de una deficiente gesti\u00f3n de los hospitales fuesen sus costos administrativos y operativos. La crisis de la salud es evidente y las cifras lo corroboran. La cartera de los hospitales es de 2,8 billones de pesos. Seg\u00fan el director de la Asociaci\u00f3n de Cl\u00ednicas y Hospitales, Juan Carlos Giraldo, \u201chubo descoordinaci\u00f3n en el Estado\u201d.\n\nAunque se avanz\u00f3 en el tema de la cobertura en la salud, que alcanz\u00f3 en el Gobierno de Uribe el 90 por ciento, se necesita una reforma definitiva que garantice los recursos. Para los especialistas se debe crear un marco regulatorio en los precios de los medicamentos y buscar recursos para el pago de la deuda.", "person": 2, "slug": "se-asegurara-la-viabilidad-financiera-de-los-hospitales-y-la-prestacion-del-servicio-35726315868", "video": "", "title": "Se asegurar\u00e1 la viabilidad financiera de los hospitales y la prestaci\u00f3n del servicio", "status": "false", "updated_at": "2014-05-04T10:20:28.574Z", "created_at": "2014-05-04T10:20:28.574Z", "quote": "\u201cSe asegurar\u00e1 la viabilidad financiera de los hospitales y la prestaci\u00f3n del servicio. Se trabajar\u00e1 por la inclusi\u00f3n social de las personas con alguna condici\u00f3n especial o discapacidad.\u201d"}, "model": "facto.fact", "pk": 13}, {"fields": {"image_url": "http://i2.cdn.turner.com/cnn/dam/assets/131121162406-juan-manuel-santos-calderon-story-top.jpg", "user": 1, "category": 9, "content": "La b\u00fasqueda de la paz con las Farc esta en el proceso m\u00e1s avanzado que haya habido hasta ahora; la reparaci\u00f3n de las v\u00edctimas como pol\u00edtica p\u00fablica; la restituci\u00f3n de tierras despojadas por los violentos y la reversi\u00f3n de los indicadores de pobreza. \nAlgunos cr\u00edticos dicen que no han visto avance suficiente. Pero diplom\u00e1ticos y academicos dicen negociaciones tienen mas chances de realizar con el apoyo de Cuba y Venezuela que han ayudado a realizar una conversaci\u00f3n con la Farc.", "person": 2, "slug": "esa-paz-total-la-vamos-a-construir-juntos-todos-unidos-2549126910", "video": "", "title": "Esa paz total la vamos a construir juntos, todos unidos", "status": "half-true", "updated_at": "2014-05-04T10:20:28.584Z", "created_at": "2014-05-04T10:20:28.584Z", "quote": "\"Esa paz total la vamos a construir juntos, todos unidos\", propuso, al aclarar que este objetivo trasciende los acuerdos de paz que su Gobierno negocia desde finales de 2012 con la guerrilla las Fuerzas Armadas Revolucionarias de Colombia (FARC) y el fin del conflicto. (EFE)"}, "model": "facto.fact", "pk": 14}, {"fields": {"image_url": "http://www.terra.com.co/addon/img/noticias/1321f3asantos_nuevo_gobiernop.jpg", "user": 1, "category": 9, "content": "La inseguridad en las ciudades grandes e intermedias preocupa al Gobierno porque va en aumento. En su m\u00e1s reciente informe, la Fundaci\u00f3n Seguridad y Democracia realiz\u00f3 un balance de en las 27 ciudades principales entre 2003 y finales de 2009, encontrando que se incrementaron los \u00edndices en dos delitos: hurto a personas, 93 por ciento; y lesiones personales, 28 por ciento. Adem\u00e1s los robos a residencias y motocicletas tambi\u00e9n crecieron. \n\nAnte estas cifras, el propio Santos afirm\u00f3 que \"mejorar la seguridad urbana (ser\u00e1) una de las grandes tareas del pr\u00f3ximo Gobierno\". ", "person": 2, "slug": "colombia-libre-de-narcotrafico-y-guerrilla-43794938840", "video": "", "title": "Colombia libre de narcotrafico y guerrilla", "status": "false", "updated_at": "2014-05-04T10:20:28.594Z", "created_at": "2014-05-04T10:20:28.594Z", "quote": "\"No pararemos hasta tener un pa\u00eds libre de guerrilla, libre de narcotraficantes\" El fin es el de un pa\u00eds que sea digno de \"tantos millones de colombianos que queremos vivir en paz y progresar\", agreg\u00f3 el gobernante."}, "model": "facto.fact", "pk": 15}, {"fields": {"image_url": "http://cl.ly/image/1H0v3X3c2p1W/Screen%20Shot%202014-05-04%20at%206.08.06%20AM.png", "user": 1, "category": 5, "content": "Uno de los compromisos que no se logro durante el plazo autoimpuesto por Bachelet fue la aplicaci\u00f3n de un programa para que los mil mejores egresados de cada a\u00f1o cursen doctorados en las mejores universidades del mundo.\nLa exigencia de que todos los que se preparen para ser profesores de ingl\u00e9s cursen un semestre en un pa\u00eds de habla inglesa, con financiamiento estatal, no se cumpli\u00f3 ya que no benefici\u00f3 a la totalidad de los alumnos. Por ejemplo, en 2007, s\u00f3lo 100 estudiantes pudieron hacerlo.", "person": 6, "slug": "bachelet-promete-la-entrega-de-dos-mil-becas-de-ingles-97078047124", "video": "", "title": "Bachelet promete la entrega de dos mil becas de ingl\u00e9s", "status": "false", "updated_at": "2014-05-04T10:20:28.600Z", "created_at": "2014-05-04T10:20:28.600Z", "quote": "La Presidenta Michelle Bachelet promete la entrega de dos mil becas de ingl\u00e9s Corfo, que beneficiar\u00e1n a profesionales y estudiantes del \u00e1rea tecnol\u00f3gica de todo Chile."}, "model": "facto.fact", "pk": 16}, {"fields": {"image_url": "http://cl.ly/image/0w0z2U0M0V0I/Screen%20Shot%202014-05-04%20at%206.09.07%20AM.png", "user": 1, "category": 1, "content": "El reajuste de las pensiones m\u00e1s bajas -destinadas a un mill\u00f3n de personas- y el acceso autom\u00e1tico de los adultos mayores a la pensi\u00f3n asistencial fueron las dos primeras medidas en concretarse durante los primeros 100 d\u00edas de gobierno.", "person": 6, "slug": "instituir-beneficio-estatal-no-contributivo-para-mayores-66184106664", "video": "", "title": "Instituir beneficio estatal no contributivo para mayores", "status": "true", "updated_at": "2014-05-04T10:20:28.608Z", "created_at": "2014-05-04T10:20:28.608Z", "quote": "Instituir beneficio Estatal no contributivo para mayores de 65 a\u00f1os que cumplan requisitos de focalizaci\u00f3n y residencia que se\u00f1ala la Ley."}, "model": "facto.fact", "pk": 17}, {"fields": {"image_url": "http://s0.uvnimg.com/deportes/boxeo/photo/2011-01-26/cristina-fernandez-110126_323x216.jpg", "user": 1, "category": 1, "content": "Persisten situaciones de conflicto heredadas de la anterior administraci\u00f3n \u2014 a las cuales la presidenta Kirchner no puede hacer alusi\u00f3n alguna a la herencia recibida-; ejemplo de ello son la conflictiva relaci\u00f3n con Uruguay por el problema de las empresas papeleras, la ausencia de una relaci\u00f3n clara y transparente con el estado de Venezuela \u2014relaci\u00f3n en la cual se entremezclan negocios privados no debidamente aclarados y confusos episodios p\u00fablicos como el de la valija de Antonini Wilson-, o la carencia de una estrategia para la definitiva normalizaci\u00f3n de las relaciones de la Argentina con el sistema financiero internacional ", "person": 3, "slug": "reinsercion-de-la-argentina-en-el-contexto-internacional-7601780232", "video": "", "title": "Reinserci\u00f3n de la Argentina en el contexto internacional", "status": "false", "updated_at": "2014-05-04T10:20:28.615Z", "created_at": "2014-05-04T10:20:28.615Z", "quote": "La reinserci\u00f3n de la Argentina en el contexto internacional"}, "model": "facto.fact", "pk": 18}, {"fields": {"image_url": "http://cl.ly/image/091Z0V393n2Z/Screen%20Shot%202014-05-04%20at%206.11.12%20AM.png", "user": 1, "category": 10, "content": "Parte del primer a\u00f1o de gobierno de CFK a\u00fan se encontr\u00f3 el prolongado conflicto con las entidades del sector agropecuario . Ni el gobierno \u2014tampoco los sectores agropecuarios- ofrecieron propuestas de negociaci\u00f3n que otorgaran racionalidad al conflicto, predominando la descalificaci\u00f3n de la protesta y la puesta en marcha de una calibrada estrategia de confrontaci\u00f3n muy caracter\u00edstica del gobierno de N\u00e9stor Kirchner, llevada a cabo antes contra actores que se percib\u00eda en condiciones de poder ser derrotados.", "person": 3, "slug": "dialogo-politico-5509867650", "video": "", "title": "Di\u00e1logo pol\u00edtico", "status": "false", "updated_at": "2014-05-04T10:20:28.619Z", "created_at": "2014-05-04T10:20:28.619Z", "quote": "Un nuevo tiempo pol\u00edtico que diera lugar al di\u00e1logo pol\u00edtico y a la mejor\u00eda de la calidad institucional de la democracia argentina dejando atr\u00e1s el ciclo de emergencia permanente inaugurado en la \u00faltima d\u00e9cada."}, "model": "facto.fact", "pk": 19}, {"fields": {"image_url": "https://lh3.googleusercontent.com/-4BbH0fe3xVM/UET_ryMDlvI/AAAAAAAARc4/UocC5jjCxGs/w523-h521-no/Cristina_correo_Presidencia_56106.jpg", "user": 1, "category": 10, "content": "La permanencia en el gabinete de actores centrales del gobierno de N\u00e9stor Kirchner, el fortalecimiento del entorno ultrakirchnerista y una excesiva exposici\u00f3n medi\u00e1tica y pol\u00edtica del ex presidente han condicionado hasta la fecha la posibilidad de una gesti\u00f3n presidencial por parte de Cristina Kirchner que, a\u00fan dentro de un esquema de continuidad, pudiera desplegar un estilo propio en relaci\u00f3n a la de su c\u00f3nyuge, motivo por el cual resulta dif\u00edcil definir si se trata del primer a\u00f1o de Cristina Fern\u00e1ndez o del quinto a\u00f1o de N\u00e9stor Kirchner.", "person": 3, "slug": "un-cambio-en-relacion-a-la-de-su-antecesor-24803999450", "video": "", "title": "Un cambio en relaci\u00f3n a la de su antecesor", "status": "false", "updated_at": "2014-05-04T10:20:28.624Z", "created_at": "2014-05-04T10:20:28.624Z", "quote": "La inauguraci\u00f3n de una presidencia que establecer\u00eda un cambio en relaci\u00f3n a la de su antecesor \u2014 esposo y socio pol\u00edtico- N\u00e9stor Kirchner"}, "model": "facto.fact", "pk": 20}, {"fields": {"image_url": "http://www.radiointegracion1041.com/cache/multithumb_thumbs/c_325_245_16777215_00_images_stories_pr04t101012-photo01_456_336.jpg", "user": 1, "category": 1, "content": "El Bono de Desarrollo Humano busca ampliar el capital humano y evitar la persistencia de la pobreza mediante la entrega de compensaciones monetarias directas a las familias que se encuentran en condiciones de vulnerabilidad. Pero el incremento se har\u00e1 tambi\u00e9n \u201cquitando ciertas prebendas e incentivos del que se beneficia el sector financiero", "person": 7, "slug": "rediseno-de-impuestos-69327967423", "video": "", "title": "Redise\u00f1o de impuestos", "status": "half-true", "updated_at": "2014-05-04T10:20:28.629Z", "created_at": "2014-05-04T10:20:28.629Z", "quote": "El presidente Rafael Correa dijo ayer que su gobierno est\u00e1 \u201credise\u00f1ando un paquete de impuestos\u201d para aumentar el Bono de Desarrollo Humano, de $ 35 a $ 50."}, "model": "facto.fact", "pk": 21}, {"fields": {"image_url": "http://3.bp.blogspot.com/-EEiTFWwaQKU/UeTbQp41K6I/AAAAAAAAAL8/P9Ywrma4dec/s320/Evo+Morales.jpg", "user": 1, "category": 1, "content": "El l\u00edder campesino Evo Morales ha iniciado su campa\u00f1a electoral para la Presidencia de Bolivia con la firme promesa de exigir la condonaci\u00f3n total de la deuda externa del pa\u00eds andino. Evo Morales tambi\u00e9n cobr\u00f3 la deuda a Europa el 30 de junio de 2013, en su discurso ante la reuni\u00f3n de Jefes de Estado de la Comunidad Europea.", "person": 10, "slug": "condonacion-total-de-la-deuda-externa-22684297267", "video": "", "title": "Condonaci\u00f3n total de la deuda externa", "status": "true", "updated_at": "2014-05-04T10:20:28.635Z", "created_at": "2014-05-04T10:20:28.635Z", "quote": "Promete de exigir la condonaci\u00f3n total de la deuda externa de Bolivia"}, "model": "facto.fact", "pk": 22}, {"fields": {"content": "Pressing ahead with plans to reshape Mexico\u2019s economy, President Enrique Pe\u00f1a Nieto proposed on Sunday a sweeping overhaul of his country\u2019s tax system, intended to collect billions of dollars to finance new social programs.", "fact": 1, "slug": "", "title": "President of Mexico Proposes Tax Overhaul", "updated_at": "2014-05-04T10:30:57.421Z", "created_at": "2014-05-04T10:20:28.490Z", "url": "http://www.nytimes.com/2013/09/09/world/americas/president-of-mexico-proposes-tax-overhaul.html?_r=0"}, "model": "facto.source", "pk": 1}, {"fields": {"content": "On 24 March, the Mexican government introduced a telecommunications bill in the Senate that is intended to supplement existing federal telecoms legislation in force since 1995. It is officially designed to restore the balance of power between the giants in the market and the small players.\r\n", "fact": 1, "slug": "", "title": "NEW TELECOMS BILL THREATENS FREEDOM OF INFORMATION", "updated_at": "2014-05-04T10:31:24.060Z", "created_at": "2014-05-04T10:20:28.493Z", "url": "http://en.rsf.org/mexique-new-telecoms-bill-threatens-25-04-2014,46199.html"}, "model": "facto.source", "pk": 2}, {"fields": {"content": "A proposed telecom law in Mexico has riled free speech activists who say it will give the government too much control over the media and doesn't do enough to break up telecom monopolies. The government says it is trying to balance information freedom with national security, and is committed to reducing the power of telecom tycoons who control the market. On Monday, we'll discuss what media Mexicans have access to and what they want in the future. \r\n", "fact": 1, "slug": "", "title": "Charting Mexico's media landscape", "updated_at": "2014-05-04T10:31:44.969Z", "created_at": "2014-05-04T10:20:28.495Z", "url": "http://stream.aljazeera.com/story/201404282010-0023675"}, "model": "facto.source", "pk": 3}, {"fields": {"content": "La reforma en telecomunicaciones de 2014 en M\u00e9xico es una reforma constitucional presentada por el Presidente de la Rep\u00fablica, Enrique Pe\u00f1a Nieto, dentro del marco de los acuerdos y compromisos establecidos en el Pacto por M\u00e9xico. El 22 de mayo de 2013, la Comisi\u00f3n Permanente del Congreso de la Uni\u00f3n la declar\u00f3 constitucional. Fue promulgada por el Presidente Enrique Pe\u00f1a Nieto el 10 de junio de 2013 y publicada al d\u00eda siguiente en el Diario Oficial de la Federaci\u00f3n.\r\n", "fact": 1, "slug": "", "title": "Reforma de telecomunicaciones en M\u00e9xico", "updated_at": "2014-05-04T10:32:14.089Z", "created_at": "2014-05-04T10:20:28.497Z", "url": "http://es.wikipedia.org/wiki/Reforma_de_telecomunicaciones_en_M%C3%A9xico"}, "model": "facto.source", "pk": 4}, {"fields": {"content": "Mexico's new president, Enrique Pe\u00f1a Nieto, started his first day in office by making some big promises, mentioning that his goal is to \"set the grounds\" for Mexico to become a developed country. Surrounded by hundreds of foreign dignitaries, and most of Mexico's political brass, Pe\u00f1a Nieto announced a new \"crusade\" against hunger, a national crime prevention program, a law that would increase competition in Mexico's monopolistic telecommunications market, and a plan to make broadband internet access a \"right\" of every Mexican.", "fact": 2, "slug": "", "title": "Pe\u00f1a Nieto Makes Big Promises to Mexico", "updated_at": "2014-05-04T10:46:53.008Z", "created_at": "2014-05-04T10:20:28.502Z", "url": "http://fusion.net/leadership/story/pea-nieto-makes-big-promises-mexico-18154"}, "model": "facto.source", "pk": 5}, {"fields": {"content": "After weeks of disruption for residents and workers in Mexico City, teachers protesting in Z\u00f3calo Square have been forcibly removed. Riot police used tear gas to disperse the occupiers and were backed up by armoured vehicles and helicopters. The teachers (who mostly came from Oaxaca, Guerrero, Chiapas and Tabasco) belonged to the CNTE Teachers\u2019 Union and were campaigning against the government\u2019s educational reform, which was passed by congress on Wednesday September 4th.The educational reform aims to improve the low standard of education in Mexico by being tougher on teachers and giving the Union less power. Protestors fear this will result in mass lay-offs for Mexican teachers.", "fact": 4, "slug": "", "title": "Mexican Teachers Protest against Pe\u00f1a Nieto\u2019s Education Reform", "updated_at": "2014-05-04T10:47:13.240Z", "created_at": "2014-05-04T10:20:28.504Z", "url": "http://toglobalist.org/2013/10/mexican-teachers-protest-against-pena-nietos-education-reform/"}, "model": "facto.source", "pk": 6}, {"fields": {"content": "Mexican President Enrique Pe\u00f1a Nieto followed through on a campaign promise yesterday by launching an innovative life insurance  program designed for single, female-headed households. The program, titled Seguro de Vida para Madres Jefas de Familia (Life Insurance for Female Heads of Family), will be overseen by the Secretariat of Social Development (Sedesol) and the Family Development Agency (DIF) with an initial budget of 400 million pesos ($32 million).", "fact": 3, "slug": "", "title": "Pe\u00f1a Nieto Launches Life Insurance Program", "updated_at": "2014-05-04T10:47:37.879Z", "created_at": "2014-05-04T10:20:28.508Z", "url": "http://americasquarterly.org/content/pe%C3%B1a-nieto-launches-life-insurance-program"}, "model": "facto.source", "pk": 7}, {"fields": {"content": "\u201cEstoy decidido a impulsar la transformaci\u00f3n de M\u00e9xico, a mover a M\u00e9xico, para que realmente siga avanzando, siga progresando y siga deparando condiciones de mayor desarrollo a todos sus habitantes\u201d, afirm\u00f3 hoy el Presidente de la Rep\u00fablica, Enrique Pe\u00f1a Nieto, al encabezar la ceremonia conmemorativa del D\u00eda del Adulto Mayor.\r\n", "fact": 3, "slug": "", "title": "ESTOY DECIDIDO A IMPULSAR LA TRANSFORMACI\u00d3N DE M\u00c9XICO: ENRIQUE PE\u00d1A NIETO", "updated_at": "2014-05-04T10:48:00.024Z", "created_at": "2014-05-04T10:20:28.510Z", "url": "http://www.presidencia.gob.mx/articulos-prensa/estoy-decidido-a-impulsar-la-transformacion-de-mexico-enrique-pena-nieto/"}, "model": "facto.source", "pk": 8}, {"fields": {"content": "73 deaths/100,000 live births (2010)", "fact": 4, "slug": "", "title": "The word factbook", "updated_at": "2014-05-04T10:49:04.124Z", "created_at": "2014-05-04T10:20:28.517Z", "url": "https://www.cia.gov/library/publications/the-world-factbook/geos/cu.html"}, "model": "facto.source", "pk": 9}, {"fields": {"content": "CSV Dataset", "fact": 4, "slug": "", "title": "WHO Region of the Americas: Cuba statistics summary (2002 - present)", "updated_at": "2014-05-04T10:49:38.567Z", "created_at": "2014-05-04T10:20:28.519Z", "url": "http://apps.who.int/gho/data/?theme=country&vid=7100"}, "model": "facto.source", "pk": 10}, {"fields": {"content": "If there is one thing for which Cuba has received praise over the years, it is the Communist government's state-run healthcare system.\r\n", "fact": 5, "slug": "", "title": "The truths and tales of Cuban healthcare", "updated_at": "2014-05-04T10:50:02.100Z", "created_at": "2014-05-04T10:20:28.525Z", "url": "http://www.aljazeera.com/indepth/features/2012/06/201265115527622647.html"}, "model": "facto.source", "pk": 11}, {"fields": {"content": "The increase is below the level of annual inflation, which official figures put at 56.2% for 2013.", "fact": 6, "slug": "", "title": "Venezuela to raise minimum wage by 30%, Maduro says", "updated_at": "2014-05-04T10:50:42.299Z", "created_at": "2014-05-04T10:20:28.529Z", "url": "http://www.bbc.com/news/world-latin-america-27219014"}, "model": "facto.source", "pk": 12}, {"fields": {"content": "The salary increase is part of a three-tiered rise in the minimum wage being implemented this year by the government of Nicolas Maduro, which will result in a total minimum wage increase of 38 \u2013 45%.\r\n", "fact": 6, "slug": "", "title": "Venezuela Implements Second Minimum Wage Increase of 2013", "updated_at": "2014-05-04T10:51:04.955Z", "created_at": "2014-05-04T10:20:28.531Z", "url": "http://www.sibci.gob.ve/2013/09/venezuela-implements-second-minimum-wage-increase-of-2013/"}, "model": "facto.source", "pk": 13}, {"fields": {"content": "\"El 30 % de incremento en el ingreso m\u00ednimo, es decir Bs 981, corresponde a Bs 32 diarios\"", "fact": 6, "slug": "", "title": "Aumento del salario m\u00ednimo equivale al precio de un caf\u00e9 diario", "updated_at": "2014-05-04T10:51:50.131Z", "created_at": "2014-05-04T10:20:28.533Z", "url": "http://www.ultimasnoticias.com.ve/noticias/actualidad/politica/marquina-aumento-del-salario-minimo-equivale-al-pr.aspx#ixzz30g51B7cP"}, "model": "facto.source", "pk": 14}, {"fields": {"content": "In a move designed to combat corruption and price speculation in the South American \r\nnation, the Venezuelan congress voted last Thursday to grant President Nicolas Maduro \r\ndecree powers in compliance with the country's constitution", "fact": 7, "slug": "", "title": "President Maduro granted special powers to \ufb01ght corruption, economic sabotage", "updated_at": "2014-05-04T10:52:21.940Z", "created_at": "2014-05-04T10:20:28.537Z", "url": "http://www.correodelorinoco.gob.ve/wp-content/uploads/2013/11/COI-184.pdf"}, "model": "facto.source", "pk": 15}, {"fields": {"content": "More than 20 years have passed since the military dictatorships and civil wars ended in Latin America and the Caribbean, except Colombia, which still endures an armed conflict that began half a century ago. Cuba is also distinguished by a regime inherited from the Cold War that tolerates no independent watchdogs although an emerging civil society is challenging its \u201cmodel.\u201d", "fact": 7, "slug": "", "title": "MEDIA UNDER THREAT FROM VIOLENCE", "updated_at": "2014-05-04T10:52:46.890Z", "created_at": "2014-05-04T10:20:28.539Z", "url": "http://rsf.org/index2014/en-americas.php"}, "model": "facto.source", "pk": 16}, {"fields": {"content": "Venezuela has many Internet service providers, although the market is dominated by the now state-owned CANTV.net which offers ADSL and Dialup services. Broadband access Venezuela is provided through ADSL, Cable, Satellite, EDGE, EV-DO, WiFi Hotspots and more recently WiMax. Prices vary from $45 to $60 USD per month for basic broadband plans. Some of the most important providers are:\r\n", "fact": 7, "slug": "", "title": "Telecommunications in Venezuela", "updated_at": "2014-05-04T10:53:12.247Z", "created_at": "2014-05-04T10:20:28.541Z", "url": "http://en.wikipedia.org/wiki/Telecommunications_in_Venezuela"}, "model": "facto.source", "pk": 17}, {"fields": {"content": "On March 7th 2014, CNN anchor Christiane Amanpour interviewed Nicol\u00e1s Maduro in Miraflores Palace. One of the questions she asked the President was whether the press was welcome to do its work in Venezuela, to which Maduro answered: \u201cHere in Venezuela you have all the freedom to come and go, to broadcast to the world more and more (sic) the truth of what happens in Venezuela.\u201d Days later, after the first month of protests in Venezuela on March 13th, Maduro recalled, \u201cthere are no opinion crimes here. Here we have freedom of expression. Let us defend freedom of expression.\u201d", "fact": 8, "slug": "", "title": "Busting the myth of freedom of speech in Venezuela", "updated_at": "2014-05-04T10:53:35.633Z", "created_at": "2014-05-04T10:20:28.543Z", "url": "http://caracaschronicles.com/2014/03/17/busting-the-myth-of-freedom-of-speech-in-venezuela/"}, "model": "facto.source", "pk": 18}, {"fields": {"content": "After the \u201cArab springs\u201d and other protest movements that prompted many rises and falls in last year\u2019s index, the 2013 Reporters Without Borders World Press Freedom Index marks a return to a more usual configuration.\r\n", "fact": 8, "slug": "", "title": "2013 WORLD PRESS FREEDOM INDEX: DASHED HOPES AFTER SPRING", "updated_at": "2014-05-04T10:53:55.248Z", "created_at": "2014-05-04T10:20:28.549Z", "url": "http://en.rsf.org/press-freedom-index-2013,1054.html"}, "model": "facto.source", "pk": 19}, {"fields": {"content": "Se despidieron la medianoche del 27 de mayo del 2007 gritando a la audiencia \u201c\u00a1libertad, libertad!\u201d. No eran ciudadanos que reclamaban atenci\u00f3n en las calles sino directivos, periodistas y empleados de Radio Caracas Televisi\u00f3n (RCTV) que rechazaban, en su \u00faltima transmisi\u00f3n, el cese obligado tras 53 a\u00f1os de actividad.", "fact": 8, "slug": "", "title": "Censura en Venezuela se agrava con protestas", "updated_at": "2014-05-04T10:54:16.583Z", "created_at": "2014-05-04T10:20:28.551Z", "url": "http://www.eluniverso.com/noticias/2014/03/02/nota/2266291/censura-venezuela-se-agrava-protestas"}, "model": "facto.source", "pk": 20}, {"fields": {"content": "El electo presidente del Per\u00fa, Ollanta Humala, sostuvo que el pueblo le ha planteado el reto de bajar el precio del bal\u00f3n de gas a 12 nuevos soles.\r\n", "fact": 9, "slug": "", "title": "Ollanta Humala promete bajar precio del bal\u00f3n de gas a 12 soles", "updated_at": "2014-05-04T10:54:45.616Z", "created_at": "2014-05-04T10:20:28.555Z", "url": "http://www.rpp.com.pe/2011-07-21-ollanta-humala-promete-bajar-precio-del-balon-de-gas-a-12-soles-noticia_386745.html"}, "model": "facto.source", "pk": 21}, {"fields": {"content": "En medio de la algarab\u00eda por el triunfo electoral, en el Domo de la zona 13, ante unos cinco mil simpatizantes de su partido, el gobernante hizo una serie de ofrecimientos que para algunos analistas se han cumplido a medias o solo se ha hecho el intento de cumplirlos.\r\n", "fact": 12, "slug": "", "title": "Cr\u00edticos ven pocos avances en gesti\u00f3n de P\u00e9rez Molina", "updated_at": "2014-05-04T10:55:03.685Z", "created_at": "2014-05-04T10:20:28.560Z", "url": "http://www.prensalibre.com/noticias/politica/PROMESA-PRESIDENCIAL_0_846515361.html"}, "model": "facto.source", "pk": 22}, {"fields": {"content": "Esta semana el propio presidente Santos reconoci\u00f3 que de las 110 propuestas que present\u00f3 durante su campa\u00f1a, hace tres a\u00f1os, ha cumplido 67, tiene 36 en camino y 7 no prosperaron.\r\n", "fact": 13, "slug": "", "title": "Las 7 promesas de campa\u00f1a que no se alcanzan a cumplir", "updated_at": "2014-05-04T10:55:20.760Z", "created_at": "2014-05-04T10:20:28.576Z", "url": "http://www.eltiempo.com/politica/ARTICULO-WEB-NEW_NOTA_INTERIOR-12971968.html"}, "model": "facto.source", "pk": 23}, {"fields": {"content": "Al cumplir tres a\u00f1os este mi\u00e9rcoles el gobierno del presidente Juan Manuel Santos ya tiene marcas indelebles: la b\u00fasqueda de la paz con las Farc en el proceso m\u00e1s avanzado que haya habido hasta ahora; la reparaci\u00f3n de las v\u00edctimas como pol\u00edtica p\u00fablica; la restituci\u00f3n de tierras despojadas por los violentos y la reversi\u00f3n de los indicadores de pobreza. Todo esto en su af\u00e1n de poner fin al conflicto armado que ya supera el medio siglo.\r\n", "fact": 14, "slug": "", "title": "Los tres a\u00f1os de Santos: metas cumplidas y unas cuantas deudas", "updated_at": "2014-05-04T10:55:40.462Z", "created_at": "2014-05-04T10:20:28.578Z", "url": "http://www.eltiempo.com/politica/metas-y-deudas-en-los-tres-anos-de-gobierno-de-juan-manuel-santos_12971963-4"}, "model": "facto.source", "pk": 24}, {"fields": {"content": "El Presidente y Candidato, Juan Manuel Santos, prometi\u00f3 reivindicar los derechos de los pacientes del sistema de salud, generar pleno empleo y crear las condiciones para que en el campo haya trabajo y riqueza. Adem\u00e1s se comprometi\u00f3 a proteger el medio ambiente y lograr de Colombia un pa\u00eds sin miedo, sin guerra y con paz.", "fact": 13, "slug": "", "title": "Santos lanza Plan de Gobierno 2014-2018", "updated_at": "2014-05-04T10:56:09.362Z", "created_at": "2014-05-04T10:20:28.580Z", "url": "http://www.olapolitica.com/content/santos-lanza-plan-de-gobierno-2014-2018"}, "model": "facto.source", "pk": 25}, {"fields": {"content": "Luego de un exhaustivo an\u00e1lisis realizado en forma conjunta por la Federaci\u00f3n Nacional de Departamentos, la Federaci\u00f3n Colombiana de Municipios, y la Junta Directiva de la Asociaci\u00f3n Colombiana de Empresas Sociales del Estado y Hospitales P\u00fablicos, ACESI, las tres entidades coincidieron en cuestionar la forma como el Gobierno Nacional ha propuesto enfrentar el problema de mejoramiento en el desempe\u00f1o de los hospitales p\u00fablicos del pa\u00eds. Califican la propuesta de la Direcci\u00f3n General de Apoyo Fiscal del Ministerio de Hacienda y Cr\u00e9dito P\u00fablico como inapropiada, por cuanto como soluci\u00f3n, se obliga a los hospitales a aplicar reglas de ajuste fiscal, que se cuestionan en su finalidad, metodolog\u00eda y resultados esperados, ya que se pretende conseguir una solvencia financiera que conduce a provocar una insolvencia social de los hospitales p\u00fablicos colombianos.\r\n", "fact": 13, "slug": "", "title": "540 Hospitales p\u00fablicos en riesgo de liquidaci\u00f3n en Colombia", "updated_at": "2014-05-04T10:56:40.296Z", "created_at": "2014-05-04T10:20:28.581Z", "url": "http://www.fcm.org.co/index.php?id=89&no_cache=1&tx_ttnews%5Byear%5D=2013&tx_ttnews%5Bmonth%5D=08&tx_ttnews%5Btt_news%5D=13234&tx_ttnews%5BbackPid%5D=86&cHash=90f7c3e07cd22701192fdad9280ce490"}, "model": "facto.source", "pk": 26}, {"fields": {"content": "Con esta inscripci\u00f3n queremos decirle a los colombianos que estamos listos, preparados y entusiasmados para iniciar esta campa\u00f1a", "fact": 14, "slug": "", "title": "Juan Manuel Santos inscribi\u00f3 su candidatura y promete \u201cpaz total\u201d en Colombia", "updated_at": "2014-05-04T10:57:07.059Z", "created_at": "2014-05-04T10:20:28.588Z", "url": "http://www.larepublica.pe/04-03-2014/juan-manuel-santos-inscribio-su-candidatura-y-promete-paz-total-en-colombia"}, "model": "facto.source", "pk": 27}, {"fields": {"content": "\"Hopefully by the end of the year, we will have this deal done,\" he said. \"It is a tipping point. We have started not only conversations with the Farc, but a process whereby we are building the conditions to build peace for ever, not just for one or two years, but to change the history of this country.\"", "fact": 14, "slug": "", "title": "Colombia closes in on a peace deal that could end world's longest civil war", "updated_at": "2014-05-04T10:57:42.222Z", "created_at": "2014-05-04T10:20:28.590Z", "url": "http://www.theguardian.com/world/2014/mar/16/colombia-brink-ending-civil-war-farc"}, "model": "facto.source", "pk": 28}, {"fields": {"content": "Colombian President Juan Manuel Santos officially announced he will seek re-election, a decision that could affect the ongoing peace talks between the government and the FARC.", "fact": 14, "slug": "", "title": "With FARC negotiations on table, Colombian president seeks 2nd term", "updated_at": "2014-05-04T10:58:04.393Z", "created_at": "2014-05-04T10:20:28.591Z", "url": "http://www.cnn.com/2013/11/21/world/americas/colombia-santos-re-election/"}, "model": "facto.source", "pk": 29}, {"fields": {"content": " \"No pararemos hasta tener un pa\u00eds libre de guerrilla, libre de narcotraficantes\", sostuvo Santos ante un auditorio de empresarios que se reuni\u00f3 en un hotel del oeste de la capital colombiana para conmemorar el D\u00eda Internacional del Turismo.\r\n", "fact": 15, "slug": "", "title": "Santos promete que librar\u00e1 a Colombia del crimen y la violencia", "updated_at": "2014-05-04T10:58:24.711Z", "created_at": "2014-05-04T10:20:28.596Z", "url": "http://www.lostiempos.com/diario/actualidad/internacional/20100927/santos-promete-que-librara-a-colombia-del-crimen-y-la_91518_176241.html"}, "model": "facto.source", "pk": 30}, {"fields": {"content": "La muerte del segundo al mando de las Farc, \u2018Ra\u00fal Reyes\u2019, la desmovilizaci\u00f3n de m\u00e1s de 30 mil integrantes de grupos ilegales, 60 por ciento de ellos de las Farc, la captura de importantes jefes guerrilleros como \u2018Sim\u00f3n Trinidad\u00b4, y los dos rescates de secuestrados (Jaque y Camale\u00f3n), tendr\u00e1n que ser analizados por el presidente Santos y determinar si continuar\u00e1 o acabar\u00e1 con esa pol\u00edtica.", "fact": 15, "slug": "", "title": "Los diez retos de Juan Manuel Santos como presidente", "updated_at": "2014-05-04T10:59:14.501Z", "created_at": "2014-05-04T10:20:28.597Z", "url": "http://www.terra.com.co/noticias/articulo/html/acu33617-los-diez-retos-de-juan-manuel-santos-como-presidente.htm"}, "model": "facto.source", "pk": 31}, {"fields": {"content": "El d\u00eda que volv\u00ed a Chile promet\u00ed que el primer objetivo para el proyecto de la Nueva Mayor\u00eda \r\nser\u00eda enfrentar la desigualdad. Lo hice porque tengo la convicci\u00f3n de que nuestro pa\u00eds tiene \r\nuna oportunidad hist\u00f3rica: encaminarse decididamente hacia un desarrollo m\u00e1s inclusivo, \r\npotenciando lo bueno que hemos hecho y superando las carencias de nuestro modelo de \r\ncrecimiento.", "fact": 16, "slug": "", "title": "50 Compromisos para mejorar la calidad de vida en el Chile de todos.", "updated_at": "2014-05-04T10:59:46.088Z", "created_at": "2014-05-04T10:20:28.602Z", "url": "http://www.ministeriodesarrollosocial.gob.cl/pdf/upload/50medidasMB.pdf"}, "model": "facto.source", "pk": 32}, {"fields": {"content": "Un consejo de gabinete realiz\u00f3 la tarde del 15 de junio de 2006 la entonces Presidenta de la Rep\u00fablica, Michelle Bachelet. La cita ten\u00eda un s\u00f3lo prop\u00f3sito: hacer una evaluaci\u00f3n del nivel de avance de las iniciativas que formaban parte del \"Plan 100 d\u00edas: 36 medidas\", cuyo plazo vencer\u00eda cuatro d\u00edas m\u00e1s tarde.", "fact": 17, "slug": "", "title": "Las 36 promesas de campa\u00f1a del gobierno de Bachelet", "updated_at": "2014-05-04T11:00:09.115Z", "created_at": "2014-05-04T10:20:28.604Z", "url": "http://www.latercera.com/noticia/politica/2013/10/674-546053-9-lo-que-cumplio-y-lo-que-no-las-36-promesas-de-campana-del-gobierno-de-bachelet.shtml"}, "model": "facto.source", "pk": 33}, {"fields": {"content": "La Presidenta Michelle Bachelet anunci\u00f3 este jueves la entrega de dos mil becas de ingl\u00e9s Corfo para el 2009, que beneficiar\u00e1n a profesionales y estudiantes del \u00e1rea tecnol\u00f3gica de todo Chile.", "fact": 16, "slug": "", "title": "Bachelet anuncia aumento de becas de ingl\u00e9s Corfo para el 2009", "updated_at": "2014-05-04T11:00:38.736Z", "created_at": "2014-05-04T10:20:28.605Z", "url": "http://www.emol.com/noticias/nacional/2008/10/09/325399/bachelet-anuncia-aumento-de-becas-de-ingles-corfo-para-el-2009.html"}, "model": "facto.source", "pk": 34}, {"fields": {"content": "Baja cobertura del sistema contributivo en el grupo de adultos mayores (durante la edad pasiva), por lo cual el pilar no contributivo de pensiones (PASIS) debi\u00f3 expandir su n\u00famero de beneficiarios", "fact": 17, "slug": "", "title": "Reforma Previsional en Chile: Diagn\u00f3stico, medidas, resultados y desaf\u00edos", "updated_at": "2014-05-04T11:01:41.711Z", "created_at": "2014-05-04T10:20:28.612Z", "url": "http://www.fiap.cl/prontus_fiap/site/artic/20110613/asocfile/20110613121920/solange_berstein.pdf"}, "model": "facto.source", "pk": 35}, {"fields": {"content": "En un recordado trabajo publicado en el a\u00f1o 1984, El futuro de la democracia, el autor italiano Norberto Bobbio nos ilustraba sobre las promesas incumplidas de la democracia a la luz de la brecha existente entre los ideales democr\u00e1ticos formulados por los autores cl\u00e1sicos y las democracias realmente existentes, entendiendo que dichas promesas se hac\u00edan finalmente de dif\u00edcil, sino casi imposible, materializaci\u00f3n debido a los cambios producidos en las sociedades de masas \u2014burocratizaci\u00f3n, tecnocracia, rendimiento limitado, etc.- que operaban como restricci\u00f3n.\r\n", "fact": 20, "slug": "", "title": "Las \u201cfalsas promesas\u201d de Cristina Fern\u00e1ndez", "updated_at": "2014-05-04T11:02:06.916Z", "created_at": "2014-05-04T10:20:28.617Z", "url": "http://www.elimparcial.es/america/las-falsas-promesas-de-cristina-fernandez-29527.html"}, "model": "facto.source", "pk": 36}, {"fields": {"content": "El presidente Rafael Correa dijo ayer que su gobierno est\u00e1 \u201cpredise\u00f1ando un paquete de impuestos\u201d para aumentar el Bono de Desarrollo Humano, de $ 35 a $ 50, pero ese incremento se har\u00e1 tambi\u00e9n \u201cquitando ciertas prebendas e incentivos del que se beneficia el sector financiero\u201d. El anuncio lo realiz\u00f3 durante un conversatorio en la Asociaci\u00f3n Ecuatoriana de Radiodifusores (AER), en el norte de Guayaquil. Ese fue el primer punto de una agenda que cumpli\u00f3 al conmemorarse un aniversario m\u00e1s de la gesta independentista del 9 de Octubre de 1820.", "fact": 21, "slug": "", "title": "Rafael Correa tambi\u00e9n ofrece el bono a $ 50, pero quitar\u00e1 incentivos para la banca", "updated_at": "2014-05-04T11:02:44.394Z", "created_at": "2014-05-04T10:20:28.630Z", "url": "http://www.radiointegracion1041.com/noticias/nacionales/44-rafael-correa-tambien-ofrece-el-bono-a-50-pero-quitara-incentivos-para-la-banca.html"}, "model": "facto.source", "pk": 37}, {"fields": {"content": "Mediante Decreto Ejecutivo 1395, el Presidente de la Rep\u00fablica, Rafael Correa,  efectiviz\u00f3 el aumento de $15 en el  Bono de Desarrollo Humano (BDH)  y pensiones asistenciales,   para lo cual el Ministerio de Finanzas realizar\u00e1 las acciones que sean necesarias a fin de que los montos requeridos en la implementaci\u00f3n del  Decreto Ejecutivo se incluyan en el Presupuesto General del Estado.", "fact": 21, "slug": "", "title": "Presidente Correa firm\u00f3 decreto ejecutivo que fija Bono de Desarrollo Humano en $50", "updated_at": "2014-05-04T11:03:19.748Z", "created_at": "2014-05-04T10:20:28.632Z", "url": "http://www.telegrafo.com.ec/noticias/informacion-general/item/presidente-correa-firmo-decreto-ejecutivo-que-fija-bono-de-desarrollo-humano-en-50.html"}, "model": "facto.source", "pk": 38}, {"fields": {"content": "El l\u00edder campesino Evo Morales ha iniciado su campa\u00f1a electoral para la Presidencia de Bolivia con la firme promesa de exigir la condonaci\u00f3n total de la deuda externa del pa\u00eds andino. S\u00f3lo de esa manera Bolivia podr\u00e1 iniciar una \"nueva historia\", manifest\u00f3 Morales en su pueblo natal, Orinoca (en el departamento de Oruro, en el altiplano boliviano), ante casi un millar de lugare\u00f1os, seg\u00fan informa la agencia Reuters .\r\n", "fact": 22, "slug": "", "title": "Evo Morales abre la campa\u00f1a electoral de Bolivia con la promesa de exigir la condonaci\u00f3n total de la deuda externa", "updated_at": "2014-05-04T11:03:35.331Z", "created_at": "2014-05-04T10:20:28.641Z", "url": "http://www.americaeconomica.com/numeros4/328/noticias/Jevomorales.htm"}, "model": "facto.source", "pk": 39}, {"fields": {"content": "As\u00ed como Luis Britto Garc\u00eda en palabras de Guaicaipuro Cuautemoc en 1992, el Presidente boliviano Evo Morales tambi\u00e9n cobr\u00f3 la deuda a Europa el 30 de junio de 2013, en su discurso ante la reuni\u00f3n de Jefes de Estado de la Comunidad Europea.\r\n", "fact": 22, "slug": "", "title": "Evo Morales cobra la deuda a Europa", "updated_at": "2014-05-04T11:03:57.464Z", "created_at": "2014-05-04T10:20:28.642Z", "url": "http://latribunacolombia.blogspot.com/2013/07/evo-morales-cobra-la-deuda-europa.html"}, "model": "facto.source", "pk": 40}]